INSERT INTO bd_projeto.pessoa (id, cpf, rg, endereco, data_nascimento) VALUES (1, '96266396440', '4814306044', 'Travessa C, 706, Centro, Porto Alegre - RS', '1969-12-01');
INSERT INTO bd_projeto.pessoa (id, cpf, rg, endereco, data_nascimento) VALUES (2, '80238623084', '6760974913', 'Praça E, 42, Centro, São Paulo - RS', '1960-11-22');
INSERT INTO bd_projeto.pessoa (id, cpf, rg, endereco, data_nascimento) VALUES (3, '37547370900', '3264063474', 'Alameda D, 260, Ipanema, Rio de Janeiro - RJ', '1982-03-21');
INSERT INTO bd_projeto.pessoa (id, cpf, rg, endereco, data_nascimento) VALUES (4, '32977126430', '3306650076', 'Praça E, 117, Centro, Belo Horizonte - RS', '1977-08-29');
INSERT INTO bd_projeto.pessoa (id, cpf, rg, endereco, data_nascimento) VALUES (5, '43332307487', '3316106884', 'Alameda D, 996, Leblon, Rio de Janeiro - SP', '1955-06-12');
INSERT INTO bd_projeto.pessoa (id, cpf, rg, endereco, data_nascimento) VALUES (6, '23382312441', '1880764817', 'Travessa C, 900, Centro, Porto Alegre - RJ', '1965-12-28');
INSERT INTO bd_projeto.pessoa (id, cpf, rg, endereco, data_nascimento) VALUES (7, '10720548764', '1486118449', 'Avenida B, 914, Leblon, Curitiba - SP', '1972-08-25');
INSERT INTO bd_projeto.pessoa (id, cpf, rg, endereco, data_nascimento) VALUES (8, '57631213259', '3903304071', 'Alameda D, 982, Copacabana, São Paulo - RJ', '1985-12-03');
INSERT INTO bd_projeto.pessoa (id, cpf, rg, endereco, data_nascimento) VALUES (9, '81182812996', '4648572715', 'Praça E, 799, Ipanema, São Paulo - RS', '1976-07-13');
INSERT INTO bd_projeto.pessoa (id, cpf, rg, endereco, data_nascimento) VALUES (10, '64929735009', '1268548555', 'Rua A, 577, Centro, Curitiba - SP', '1956-04-27');
INSERT INTO bd_projeto.pessoa (id, cpf, rg, endereco, data_nascimento) VALUES (11, '12043424661', '3894900989', 'Praça E, 908, Ipanema, Porto Alegre - RS', '1963-11-21');
INSERT INTO bd_projeto.pessoa (id, cpf, rg, endereco, data_nascimento) VALUES (12, '03753654272', '2120103149', 'Praça E, 340, Ipanema, Curitiba - PR', '1977-12-03');
INSERT INTO bd_projeto.pessoa (id, cpf, rg, endereco, data_nascimento) VALUES (13, '77232982852', '1776718568', 'Rua A, 794, Centro, São Paulo - MG', '1978-01-28');
INSERT INTO bd_projeto.pessoa (id, cpf, rg, endereco, data_nascimento) VALUES (14, '35274698182', '8376609835', 'Alameda D, 471, Centro, Curitiba - PR', '1951-04-25');
INSERT INTO bd_projeto.pessoa (id, cpf, rg, endereco, data_nascimento) VALUES (15, '05410037634', '7365174520', 'Alameda D, 208, Ipanema, Porto Alegre - PR', '1996-01-16');
INSERT INTO bd_projeto.pessoa (id, cpf, rg, endereco, data_nascimento) VALUES (16, '29273679730', '9467917469', 'Travessa C, 162, Ipanema, São Paulo - MG', '1975-01-12');
INSERT INTO bd_projeto.pessoa (id, cpf, rg, endereco, data_nascimento) VALUES (17, '71621936503', '7110417789', 'Travessa C, 766, Ipanema, São Paulo - RJ', '2000-12-26');
INSERT INTO bd_projeto.pessoa (id, cpf, rg, endereco, data_nascimento) VALUES (18, '65669358198', '6685180757', 'Praça E, 789, Leblon, Porto Alegre - SP', '1957-06-06');
INSERT INTO bd_projeto.pessoa (id, cpf, rg, endereco, data_nascimento) VALUES (19, '13505429112', '5968925610', 'Travessa C, 725, Copacabana, Curitiba - SP', '1967-04-07');
INSERT INTO bd_projeto.pessoa (id, cpf, rg, endereco, data_nascimento) VALUES (20, '28882179290', '1497751168', 'Alameda D, 635, Copacabana, Curitiba - PR', '1986-07-14');
INSERT INTO bd_projeto.pessoa (id, cpf, rg, endereco, data_nascimento) VALUES (21, '27086963003', '1189819900', 'Travessa C, 608, Leblon, Belo Horizonte - SP', '1953-09-07');
INSERT INTO bd_projeto.pessoa (id, cpf, rg, endereco, data_nascimento) VALUES (22, '52309931209', '4618024654', 'Avenida B, 55, Ipanema, Porto Alegre - RJ', '1967-07-29');
INSERT INTO bd_projeto.pessoa (id, cpf, rg, endereco, data_nascimento) VALUES (23, '20260490768', '3274528977', 'Praça E, 978, Ipanema, Curitiba - RJ', '2000-04-02');
INSERT INTO bd_projeto.pessoa (id, cpf, rg, endereco, data_nascimento) VALUES (24, '35967654127', '9049117434', 'Praça E, 26, Copacabana, Curitiba - RJ', '1965-10-20');
INSERT INTO bd_projeto.pessoa (id, cpf, rg, endereco, data_nascimento) VALUES (25, '73220254586', '0969952495', 'Praça E, 139, Centro, São Paulo - MG', '1955-02-09');
INSERT INTO bd_projeto.pessoa (id, cpf, rg, endereco, data_nascimento) VALUES (26, '88663219660', '8763128632', 'Rua A, 421, Copacabana, São Paulo - PR', '1966-01-31');
INSERT INTO bd_projeto.pessoa (id, cpf, rg, endereco, data_nascimento) VALUES (27, '92858050783', '9475980097', 'Alameda D, 44, Botafogo, Belo Horizonte - MG', '1970-07-22');
INSERT INTO bd_projeto.pessoa (id, cpf, rg, endereco, data_nascimento) VALUES (28, '04125143897', '7767734653', 'Avenida B, 772, Ipanema, Belo Horizonte - RJ', '1958-01-05');
INSERT INTO bd_projeto.pessoa (id, cpf, rg, endereco, data_nascimento) VALUES (29, '97475538133', '4651530959', 'Praça E, 834, Copacabana, Porto Alegre - RJ', '1981-07-12');
INSERT INTO bd_projeto.pessoa (id, cpf, rg, endereco, data_nascimento) VALUES (30, '21574862324', '1748676451', 'Travessa C, 623, Centro, Porto Alegre - SP', '1984-01-25');
INSERT INTO bd_projeto.pessoa (id, cpf, rg, endereco, data_nascimento) VALUES (31, '61958676241', '0068240657', 'Alameda D, 563, Copacabana, Belo Horizonte - RS', '1999-03-16');
INSERT INTO bd_projeto.pessoa (id, cpf, rg, endereco, data_nascimento) VALUES (32, '96649233200', '6480502199', 'Alameda D, 290, Botafogo, Belo Horizonte - SP', '1977-05-28');
INSERT INTO bd_projeto.pessoa (id, cpf, rg, endereco, data_nascimento) VALUES (33, '23495071229', '8739865056', 'Travessa C, 87, Botafogo, Belo Horizonte - MG', '1967-08-22');
INSERT INTO bd_projeto.pessoa (id, cpf, rg, endereco, data_nascimento) VALUES (34, '49069944669', '9795845480', 'Travessa C, 714, Copacabana, Rio de Janeiro - RJ', '1975-09-10');
INSERT INTO bd_projeto.pessoa (id, cpf, rg, endereco, data_nascimento) VALUES (35, '54630333312', '8405571142', 'Praça E, 991, Copacabana, Belo Horizonte - RS', '1971-09-17');
INSERT INTO bd_projeto.pessoa (id, cpf, rg, endereco, data_nascimento) VALUES (36, '29972068714', '7592564652', 'Rua A, 912, Centro, Rio de Janeiro - RJ', '1955-09-22');
INSERT INTO bd_projeto.pessoa (id, cpf, rg, endereco, data_nascimento) VALUES (37, '14079448430', '6013307678', 'Avenida B, 16, Botafogo, São Paulo - RS', '1984-01-29');
INSERT INTO bd_projeto.pessoa (id, cpf, rg, endereco, data_nascimento) VALUES (38, '15052789530', '6856566046', 'Avenida B, 573, Copacabana, Porto Alegre - MG', '1999-12-12');
INSERT INTO bd_projeto.pessoa (id, cpf, rg, endereco, data_nascimento) VALUES (39, '12543164855', '1205721790', 'Praça E, 241, Leblon, Rio de Janeiro - PR', '1956-07-01');
INSERT INTO bd_projeto.pessoa (id, cpf, rg, endereco, data_nascimento) VALUES (40, '63118632194', '1588088281', 'Rua A, 974, Botafogo, Porto Alegre - MG', '1954-07-24');
INSERT INTO bd_projeto.pessoa (id, cpf, rg, endereco, data_nascimento) VALUES (41, '75244993291', '2528928756', 'Avenida B, 286, Centro, Curitiba - PR', '1998-12-28');
INSERT INTO bd_projeto.pessoa (id, cpf, rg, endereco, data_nascimento) VALUES (42, '39293875659', '6091382633', 'Avenida B, 230, Ipanema, Curitiba - PR', '1971-02-16');
INSERT INTO bd_projeto.pessoa (id, cpf, rg, endereco, data_nascimento) VALUES (43, '03729325175', '0883026171', 'Praça E, 850, Copacabana, Rio de Janeiro - RJ', '1986-05-01');
INSERT INTO bd_projeto.pessoa (id, cpf, rg, endereco, data_nascimento) VALUES (44, '62552505120', '1294250527', 'Alameda D, 382, Copacabana, Rio de Janeiro - RS', '1966-10-02');
INSERT INTO bd_projeto.pessoa (id, cpf, rg, endereco, data_nascimento) VALUES (45, '98160655258', '0637630888', 'Alameda D, 113, Ipanema, Rio de Janeiro - SP', '1978-12-21');
INSERT INTO bd_projeto.pessoa (id, cpf, rg, endereco, data_nascimento) VALUES (46, '24903931706', '6125834902', 'Avenida B, 345, Ipanema, Curitiba - SP', '1958-03-23');
INSERT INTO bd_projeto.pessoa (id, cpf, rg, endereco, data_nascimento) VALUES (47, '04674913802', '6108972785', 'Avenida B, 163, Centro, Porto Alegre - MG', '1954-09-13');
INSERT INTO bd_projeto.pessoa (id, cpf, rg, endereco, data_nascimento) VALUES (48, '60160235073', '7274570302', 'Rua A, 743, Ipanema, Belo Horizonte - PR', '1954-04-05');
INSERT INTO bd_projeto.pessoa (id, cpf, rg, endereco, data_nascimento) VALUES (49, '10787233030', '7552302696', 'Travessa C, 128, Copacabana, Curitiba - MG', '1972-10-28');
INSERT INTO bd_projeto.pessoa (id, cpf, rg, endereco, data_nascimento) VALUES (50, '62613002590', '6126536293', 'Travessa C, 281, Botafogo, Porto Alegre - PR', '1980-04-02');
INSERT INTO bd_projeto.pessoa (id, cpf, rg, endereco, data_nascimento) VALUES (51, '81738761266', '7088282572', 'Praça E, 689, Copacabana, Belo Horizonte - SP', '1975-10-17');
INSERT INTO bd_projeto.pessoa (id, cpf, rg, endereco, data_nascimento) VALUES (52, '85976312608', '2945965776', 'Travessa C, 404, Copacabana, Rio de Janeiro - RJ', '1979-07-04');
INSERT INTO bd_projeto.pessoa (id, cpf, rg, endereco, data_nascimento) VALUES (53, '36206464229', '4994185582', 'Avenida B, 741, Copacabana, São Paulo - RJ', '1981-01-26');
INSERT INTO bd_projeto.pessoa (id, cpf, rg, endereco, data_nascimento) VALUES (54, '07255598374', '4023353575', 'Praça E, 848, Ipanema, São Paulo - SP', '1952-09-30');
INSERT INTO bd_projeto.pessoa (id, cpf, rg, endereco, data_nascimento) VALUES (55, '09672546718', '8015006583', 'Praça E, 698, Ipanema, São Paulo - MG', '2003-06-16');
INSERT INTO bd_projeto.pessoa (id, cpf, rg, endereco, data_nascimento) VALUES (56, '89729192847', '3231181064', 'Praça E, 428, Copacabana, Curitiba - RS', '1957-07-15');
INSERT INTO bd_projeto.pessoa (id, cpf, rg, endereco, data_nascimento) VALUES (57, '70513772480', '1092591795', 'Alameda D, 132, Copacabana, Curitiba - PR', '1979-09-27');
INSERT INTO bd_projeto.pessoa (id, cpf, rg, endereco, data_nascimento) VALUES (58, '17127863695', '1423165240', 'Avenida B, 17, Centro, Rio de Janeiro - PR', '1982-10-15');
INSERT INTO bd_projeto.pessoa (id, cpf, rg, endereco, data_nascimento) VALUES (59, '62443219445', '9632348238', 'Avenida B, 167, Botafogo, São Paulo - PR', '1985-02-25');
INSERT INTO bd_projeto.pessoa (id, cpf, rg, endereco, data_nascimento) VALUES (60, '61841505102', '1147349512', 'Travessa C, 955, Leblon, Porto Alegre - RS', '1992-02-24');

INSERT INTO bd_projeto.atendente (id, formacao_escolar) VALUES (1, 'Ensino Superior Completo em Atendimento ao Cliente');
INSERT INTO bd_projeto.atendente (id, formacao_escolar) VALUES (3, 'Bacharelado em Administração');
INSERT INTO bd_projeto.atendente (id, formacao_escolar) VALUES (5, 'Ensino Médio Completo');
INSERT INTO bd_projeto.atendente (id, formacao_escolar) VALUES (7, 'Graduação em Comunicação Social');
INSERT INTO bd_projeto.atendente (id, formacao_escolar) VALUES (9, 'Curso Técnico em Suporte e Redes');
INSERT INTO bd_projeto.atendente (id, formacao_escolar) VALUES (11, 'Ensino Superior Incompleto em Gestão de Pessoas');
INSERT INTO bd_projeto.atendente (id, formacao_escolar) VALUES (13, 'Certificação em Customer Service');
INSERT INTO bd_projeto.atendente (id, formacao_escolar) VALUES (15, 'Ensino Médio Completo com Cursos Complementares');
INSERT INTO bd_projeto.atendente (id, formacao_escolar) VALUES (17, 'Tecnólogo em Análise e Desenvolvimento de Sistemas');
INSERT INTO bd_projeto.atendente (id, formacao_escolar) VALUES (19, 'Pós-Graduação em Experiência do Cliente');
INSERT INTO bd_projeto.atendente (id, formacao_escolar) VALUES (21, 'Ensino Superior Completo em Psicologia');
INSERT INTO bd_projeto.atendente (id, formacao_escolar) VALUES (23, 'Bacharelado em Marketing');
INSERT INTO bd_projeto.atendente (id, formacao_escolar) VALUES (25, 'Ensino Médio Completo e Cursos na Área Comercial');
INSERT INTO bd_projeto.atendente (id, formacao_escolar) VALUES (27, 'Graduação em Letras');
INSERT INTO bd_projeto.atendente (id, formacao_escolar) VALUES (29, 'Curso Técnico em Secretariado');
INSERT INTO bd_projeto.atendente (id, formacao_escolar) VALUES (31, 'Ensino Superior Incompleto em Direito');
INSERT INTO bd_projeto.atendente (id, formacao_escolar) VALUES (33, 'Certificação em Help Desk');
INSERT INTO bd_projeto.atendente (id, formacao_escolar) VALUES (35, 'Ensino Médio Completo com Inglês Fluente');
INSERT INTO bd_projeto.atendente (id, formacao_escolar) VALUES (37, 'Tecnólogo em Gestão Financeira');
INSERT INTO bd_projeto.atendente (id, formacao_escolar) VALUES (39, 'Pós-Graduação em Gestão de Projetos');

INSERT INTO bd_projeto.passageiro (id, numero_credito) VALUES (2, '1234567890123456');
INSERT INTO bd_projeto.passageiro (id, numero_credito) VALUES (4, '9876543210987654');
INSERT INTO bd_projeto.passageiro (id, numero_credito) VALUES (6, '1122334455667788');
INSERT INTO bd_projeto.passageiro (id, numero_credito) VALUES (8, '8877665544332211');
INSERT INTO bd_projeto.passageiro (id, numero_credito) VALUES (10, '1020304050607080');
INSERT INTO bd_projeto.passageiro (id, numero_credito) VALUES (12, '0807060504030201');
INSERT INTO bd_projeto.passageiro (id, numero_credito) VALUES (14, '2345678901234567');
INSERT INTO bd_projeto.passageiro (id, numero_credito) VALUES (16, '7654321098765432');
INSERT INTO bd_projeto.passageiro (id, numero_credito) VALUES (18, '3344556677889900');
INSERT INTO bd_projeto.passageiro (id, numero_credito) VALUES (20, '0099887766554433');
INSERT INTO bd_projeto.passageiro (id, numero_credito) VALUES (22, '4567890123456789');
INSERT INTO bd_projeto.passageiro (id, numero_credito) VALUES (24, '9876543510987677');
INSERT INTO bd_projeto.passageiro (id, numero_credito) VALUES (26, '5566778899001122');
INSERT INTO bd_projeto.passageiro (id, numero_credito) VALUES (28, '2211009988776655');
INSERT INTO bd_projeto.passageiro (id, numero_credito) VALUES (30, '6789012345678901');
INSERT INTO bd_projeto.passageiro (id, numero_credito) VALUES (32, '1098765432109876');
INSERT INTO bd_projeto.passageiro (id, numero_credito) VALUES (34, '7788990011223344');
INSERT INTO bd_projeto.passageiro (id, numero_credito) VALUES (36, '4433221100998877');
INSERT INTO bd_projeto.passageiro (id, numero_credito) VALUES (38, '8901234567890123');
INSERT INTO bd_projeto.passageiro (id, numero_credito) VALUES (40, '3210987654321098');

INSERT INTO bd_projeto.motorista (id, conta_corrente, cnh) VALUES (41, '12345678901234567890', '12345678901');
INSERT INTO bd_projeto.motorista (id, conta_corrente, cnh) VALUES (42, '09876543210987654321', '09876543210');
INSERT INTO bd_projeto.motorista (id, conta_corrente, cnh) VALUES (43, '11223344556677889900', '11223344556');
INSERT INTO bd_projeto.motorista (id, conta_corrente, cnh) VALUES (44, '00998877665544332211', '00998877665');
INSERT INTO bd_projeto.motorista (id, conta_corrente, cnh) VALUES (45, '23456789012345678901', '23456789012');
INSERT INTO bd_projeto.motorista (id, conta_corrente, cnh) VALUES (46, '10987654321098765432', '10987654321');
INSERT INTO bd_projeto.motorista (id, conta_corrente, cnh) VALUES (47, '34567890123456789012', '34567890123');
INSERT INTO bd_projeto.motorista (id, conta_corrente, cnh) VALUES (48, '21098765432109876543', '21098765432');
INSERT INTO bd_projeto.motorista (id, conta_corrente, cnh) VALUES (49, '45678901234567890123', '45678901234');
INSERT INTO bd_projeto.motorista (id, conta_corrente, cnh) VALUES (50, '32109876543210987654', '32109876543');
INSERT INTO bd_projeto.motorista (id, conta_corrente, cnh) VALUES (51, '56789012345678901234', '56789012345');
INSERT INTO bd_projeto.motorista (id, conta_corrente, cnh) VALUES (52, '43210987654321098765', '43210987654');
INSERT INTO bd_projeto.motorista (id, conta_corrente, cnh) VALUES (53, '67890123456789012345', '67890123456');
INSERT INTO bd_projeto.motorista (id, conta_corrente, cnh) VALUES (54, '54321098765432109876', '54321098765');
INSERT INTO bd_projeto.motorista (id, conta_corrente, cnh) VALUES (55, '78901234567890123456', '78901234567');
INSERT INTO bd_projeto.motorista (id, conta_corrente, cnh) VALUES (56, '65432109876543210987', '65432109876');
INSERT INTO bd_projeto.motorista (id, conta_corrente, cnh) VALUES (57, '89012345678901234567', '89012345678');
INSERT INTO bd_projeto.motorista (id, conta_corrente, cnh) VALUES (58, '76543210987654321098', '76543210987');
INSERT INTO bd_projeto.motorista (id, conta_corrente, cnh) VALUES (59, '90123456789012345678', '90123456789');
INSERT INTO bd_projeto.motorista (id, conta_corrente, cnh) VALUES (60, '87654321098765432109', '87654321098');

INSERT INTO bd_projeto.seguradora (id, cnpj, nome, endereco) VALUES (1, '16178287000184', 'Seguradora Alfa S.A.', 'Avenida Central, 123, Centro, Rio de Janeiro - RJ');
INSERT INTO bd_projeto.seguradora (id, cnpj, nome, endereco) VALUES (2, '50130148000119', 'Beta Seguros Ltda.', 'Rua da Paz, 456, Jardins, São Paulo - SP');
INSERT INTO bd_projeto.seguradora (id, cnpj, nome, endereco) VALUES (3, '39373145000173', 'Cima Cia. de Seguros', 'Praça da Liberdade, 789, Savassi, Belo Horizonte - MG');
INSERT INTO bd_projeto.seguradora (id, cnpj, nome, endereco) VALUES (4, '13002667000175', 'Delta Garantia', 'Alameda dos Anjos, 101, Moinhos de Vento, Porto Alegre - RS');
INSERT INTO bd_projeto.seguradora (id, cnpj, nome, endereco) VALUES (5, '37020173000181', 'Elite Insurance', 'Rua das Flores, 202, Batel, Curitiba - PR');
INSERT INTO bd_projeto.seguradora (id, cnpj, nome, endereco) VALUES (6, '14172822000164', 'Fênix Seguradora', 'Travessa da Esperança, 303, Copacabana, Rio de Janeiro - RJ');
INSERT INTO bd_projeto.seguradora (id, cnpj, nome, endereco) VALUES (7, '00904973000155', 'Global Proteção', 'Avenida Paulista, 404, Bela Vista, São Paulo - SP');
INSERT INTO bd_projeto.seguradora (id, cnpj, nome, endereco) VALUES (8, '57914461000197', 'Horizonte Seguro', 'Rua dos Pinheiros, 505, Funcionários, Belo Horizonte - MG');
INSERT INTO bd_projeto.seguradora (id, cnpj, nome, endereco) VALUES (9, '37159495000106', 'Invicta Seguros', 'Rua da Praia, 606, Centro Histórico, Porto Alegre - RS');
INSERT INTO bd_projeto.seguradora (id, cnpj, nome, endereco) VALUES (10, '06875397000141', 'Júpiter Seguradora', 'Avenida Iguaçu, 707, Água Verde, Curitiba - PR');
INSERT INTO bd_projeto.seguradora (id, cnpj, nome, endereco) VALUES (11, '63999471000175', 'Krona Capital Seguros', 'Estrada da Gávea, 808, São Conrado, Rio de Janeiro - RJ');
INSERT INTO bd_projeto.seguradora (id, cnpj, nome, endereco) VALUES (12, '00233950000166', 'Liberty Shield', 'Rua Augusta, 909, Cerqueira César, São Paulo - SP');
INSERT INTO bd_projeto.seguradora (id, cnpj, nome, endereco) VALUES (13, '46152497000164', 'Mega Seguradora', 'Avenida Afonso Pena, 111, Centro, Belo Horizonte - MG');
INSERT INTO bd_projeto.seguradora (id, cnpj, nome, endereco) VALUES (14, '54056512000107', 'Norte Seguros', 'Rua 24 de Outubro, 222, Auxiliadora, Porto Alegre - RS');
INSERT INTO bd_projeto.seguradora (id, cnpj, nome, endereco) VALUES (15, '72216954000147', 'Oceano Vida', 'Rua Comendador Araújo, 333, Centro, Curitiba - PR');
INSERT INTO bd_projeto.seguradora (id, cnpj, nome, endereco) VALUES (16, '32347127000178', 'Primeira Escolha', 'Rua da Alfândega, 444, Centro, Rio de Janeiro - RJ');
INSERT INTO bd_projeto.seguradora (id, cnpj, nome, endereco) VALUES (17, '73142588000191', 'Qualidade Seguros', 'Rua Consolação, 555, Consolação, São Paulo - SP');
INSERT INTO bd_projeto.seguradora (id, cnpj, nome, endereco) VALUES (18, '57695300000150', 'Real Garantia', 'Avenida do Contorno, 666, Prado, Belo Horizonte - MG');
INSERT INTO bd_projeto.seguradora (id, cnpj, nome, endereco) VALUES (19, '20591332000103', 'Safira Seguros', 'Rua dos Andradas, 777, Centro, Porto Alegre - RS');
INSERT INTO bd_projeto.seguradora (id, cnpj, nome, endereco) VALUES (20, '46578971000114', 'Total Proteção', 'Rua XV de Novembro, 888, Centro, Curitiba - PR');

INSERT INTO bd_projeto.telefone_seguradora (id, ddd, numero) VALUES (1, '21', '987654321');
INSERT INTO bd_projeto.telefone_seguradora (id, ddd, numero) VALUES (1, '21', '987654322'); -- Repeated CNPJ for ID 1
INSERT INTO bd_projeto.telefone_seguradora (id, ddd, numero) VALUES (2, '11', '912345678');
INSERT INTO bd_projeto.telefone_seguradora (id, ddd, numero) VALUES (2, '11', '912345679'); -- Repeated CNPJ for ID 2
INSERT INTO bd_projeto.telefone_seguradora (id, ddd, numero) VALUES (3, '31', '955554444');
INSERT INTO bd_projeto.telefone_seguradora (id, ddd, numero) VALUES (3, '31', '955554445'); -- Repeated CNPJ for ID 3
INSERT INTO bd_projeto.telefone_seguradora (id, ddd, numero) VALUES (4, '51', '933332222');
INSERT INTO bd_projeto.telefone_seguradora (id, ddd, numero) VALUES (4, '51', '933332223'); -- Repeated CNPJ for ID 4
INSERT INTO bd_projeto.telefone_seguradora (id, ddd, numero) VALUES (5, '41', '977778888');
INSERT INTO bd_projeto.telefone_seguradora (id, ddd, numero) VALUES (5, '41', '977778889'); -- Repeated CNPJ for ID 5
INSERT INTO bd_projeto.telefone_seguradora (id, ddd, numero) VALUES (6, '21', '900001111');
INSERT INTO bd_projeto.telefone_seguradora (id, ddd, numero) VALUES (7, '11', '911112222');
INSERT INTO bd_projeto.telefone_seguradora (id, ddd, numero) VALUES (8, '31', '922223333');
INSERT INTO bd_projeto.telefone_seguradora (id, ddd, numero) VALUES (9, '51', '944445555');
INSERT INTO bd_projeto.telefone_seguradora (id, ddd, numero) VALUES (10, '41', '966667777');
INSERT INTO bd_projeto.telefone_seguradora (id, ddd, numero) VALUES (11, '21', '988889999');
INSERT INTO bd_projeto.telefone_seguradora (id, ddd, numero) VALUES (12, '11', '999990000');
INSERT INTO bd_projeto.telefone_seguradora (id, ddd, numero) VALUES (13, '31', '900010001');
INSERT INTO bd_projeto.telefone_seguradora (id, ddd, numero) VALUES (14, '51', '900020002');
INSERT INTO bd_projeto.telefone_seguradora (id, ddd, numero) VALUES (15, '41', '900030003');
INSERT INTO bd_projeto.telefone_seguradora (id, ddd, numero) VALUES (16, '21', '900040004');
INSERT INTO bd_projeto.telefone_seguradora (id, ddd, numero) VALUES (17, '11', '900050005');
INSERT INTO bd_projeto.telefone_seguradora (id, ddd, numero) VALUES (18, '31', '900060006');
INSERT INTO bd_projeto.telefone_seguradora (id, ddd, numero) VALUES (19, '51', '900070007');
INSERT INTO bd_projeto.telefone_seguradora (id, ddd, numero) VALUES (20, '41', '900080008');

INSERT INTO bd_projeto.veiculo (id, renavam, marca, preco, tipo, modelo, ano, data_compra, id_motorista) VALUES (1, '78901234567', 'Volkswagen', 75000.00, 'ECONOMICO', 'Gol', 2020, '2021-01-15', 41);
INSERT INTO bd_projeto.veiculo (id, renavam, marca, preco, tipo, modelo, ano, data_compra, id_motorista) VALUES (2, '89012345678', 'Volkswagen', 85000.00, 'ECONOMICO', 'Voyage', 2022, '2022-03-20', 41); -- Repeated motorista ID 41
INSERT INTO bd_projeto.veiculo (id, renavam, marca, preco, tipo, modelo, ano, data_compra, id_motorista) VALUES (3, '90123456789', 'Chevrolet', 95000.00, 'SUV', 'Tracker', 2021, '2022-02-10', 42);
INSERT INTO bd_projeto.veiculo (id, renavam, marca, preco, tipo, modelo, ano, data_compra, id_motorista) VALUES (4, '01234567890', 'Chevrolet', 110000.00, 'SUV', 'Equinox', 2023, '2023-05-01', 42); -- Repeated motorista ID 42
INSERT INTO bd_projeto.veiculo (id, renavam, marca, preco, tipo, modelo, ano, data_compra, id_motorista) VALUES (5, '12345678901', 'Fiat', 68000.00, 'ECONOMICO', 'Mobi', 2019, '2020-07-01', 43);
INSERT INTO bd_projeto.veiculo (id, renavam, marca, preco, tipo, modelo, ano, data_compra, id_motorista) VALUES (6, '23456789012', 'Fiat', 130000.00, 'LUXO', 'Toro', 2024, '2024-06-10', 43); -- Repeated motorista ID 43
INSERT INTO bd_projeto.veiculo (id, renavam, marca, preco, tipo, modelo, ano, data_compra, id_motorista) VALUES (7, '34567890123', 'Hyundai', 90000.00, 'SUV', 'Creta', 2022, '2023-01-25', 44);
INSERT INTO bd_projeto.veiculo (id, renavam, marca, preco, tipo, modelo, ano, data_compra, id_motorista) VALUES (8, '45678901234', 'Toyota', 150000.00, 'LUXO', 'Corolla Cross', 2023, '2023-04-12', 45);
INSERT INTO bd_projeto.veiculo (id, renavam, marca, preco, tipo, modelo, ano, data_compra, id_motorista) VALUES (9, '56789012345', 'Honda', 120000.00, 'SUV', 'HR-V', 2021, '2021-11-30', 46);
INSERT INTO bd_projeto.veiculo (id, renavam, marca, preco, tipo, modelo, ano, data_compra, id_motorista) VALUES (10, '67890123456', 'Ford', 70000.00, 'ECONOMICO', 'Ka', 2018, '2019-09-01', 47);
INSERT INTO bd_projeto.veiculo (id, renavam, marca, preco, tipo, modelo, ano, data_compra, id_motorista) VALUES (11, '78901234568', 'Renault', 80000.00, 'ECONOMICO', 'Kwid', 2022, '2022-08-05', 48);
INSERT INTO bd_projeto.veiculo (id, renavam, marca, preco, tipo, modelo, ano, data_compra, id_motorista) VALUES (12, '89012345679', 'Nissan', 100000.00, 'SUV', 'Kicks', 2020, '2021-03-10', 49);
INSERT INTO bd_projeto.veiculo (id, renavam, marca, preco, tipo, modelo, ano, data_compra, id_motorista) VALUES (13, '90123456780', 'Jeep', 180000.00, 'RURAL', 'Renegade', 2023, '2023-02-18', 50);
INSERT INTO bd_projeto.veiculo (id, renavam, marca, preco, tipo, modelo, ano, data_compra, id_motorista) VALUES (14, '01234567891', 'Mitsubishi', 200000.00, 'RURAL', 'L200 Triton', 2022, '2022-09-22', 51);
INSERT INTO bd_projeto.veiculo (id, renavam, marca, preco, tipo, modelo, ano, data_compra, id_motorista) VALUES (15, '12345678902', 'BMW', 350000.00, 'LUXO', 'X1', 2024, '2024-01-01', 52);
INSERT INTO bd_projeto.veiculo (id, renavam, marca, preco, tipo, modelo, ano, data_compra, id_motorista) VALUES (16, '23456789013', 'Mercedes-Benz', 400000.00, 'LUXO', 'C 180', 2023, '2023-07-19', 53);
INSERT INTO bd_projeto.veiculo (id, renavam, marca, preco, tipo, modelo, ano, data_compra, id_motorista) VALUES (17, '34567890124', 'Audi', 300000.00, 'LUXO', 'A3 Sedan', 2022, '2022-10-08', 54);
INSERT INTO bd_projeto.veiculo (id, renavam, marca, preco, tipo, modelo, ano, data_compra, id_motorista) VALUES (18, '45678901235', 'Caoa Chery', 110000.00, 'SUV', 'Tiggo 5X', 2021, '2021-12-03', 55);
INSERT INTO bd_projeto.veiculo (id, renavam, marca, preco, tipo, modelo, ano, data_compra, id_motorista) VALUES (19, '56789012346', 'Peugeot', 98000.00, 'ECONOMICO', '208', 2020, '2021-04-11', 56);
INSERT INTO bd_projeto.veiculo (id, renavam, marca, preco, tipo, modelo, ano, data_compra, id_motorista) VALUES (20, '67890123457', 'Citroën', 82000.00, 'ECONOMICO', 'C3', 2022, '2022-06-25', 57);
INSERT INTO bd_projeto.veiculo (id, renavam, marca, preco, tipo, modelo, ano, data_compra, id_motorista) VALUES (21, '78901234569', 'Suzuki', 140000.00, 'RURAL', 'Jimny', 2023, '2023-09-09', 58);
INSERT INTO bd_projeto.veiculo (id, renavam, marca, preco, tipo, modelo, ano, data_compra, id_motorista) VALUES (22, '89012345670', 'Land Rover', 450000.00, 'LUXO', 'Discovery Sport', 2024, '2024-03-01', 59);
INSERT INTO bd_projeto.veiculo (id, renavam, marca, preco, tipo, modelo, ano, data_compra, id_motorista) VALUES (23, '90123456781', 'Volvo', 380000.00, 'LUXO', 'XC60', 2023, '2023-11-15', 60);

INSERT INTO bd_projeto.seguro (id_seguradora, nro_apolice, id_veiculo, valor) VALUES (1, 'APOLICE001', 1, 3500.00);
INSERT INTO bd_projeto.seguro (id_seguradora, nro_apolice, id_veiculo, valor) VALUES (2, 'APOLICE002', 2, 4000.00);
INSERT INTO bd_projeto.seguro (id_seguradora, nro_apolice, id_veiculo, valor) VALUES (3, 'APOLICE003', 3, 5000.00);
INSERT INTO bd_projeto.seguro (id_seguradora, nro_apolice, id_veiculo, valor) VALUES (4, 'APOLICE004', 4, 6000.00);
INSERT INTO bd_projeto.seguro (id_seguradora, nro_apolice, id_veiculo, valor) VALUES (5, 'APOLICE005', 5, 3000.00);
INSERT INTO bd_projeto.seguro (id_seguradora, nro_apolice, id_veiculo, valor) VALUES (6, 'APOLICE006', 6, 7000.00);
INSERT INTO bd_projeto.seguro (id_seguradora, nro_apolice, id_veiculo, valor) VALUES (7, 'APOLICE007', 7, 4500.00);
INSERT INTO bd_projeto.seguro (id_seguradora, nro_apolice, id_veiculo, valor) VALUES (8, 'APOLICE008', 8, 8000.00);
INSERT INTO bd_projeto.seguro (id_seguradora, nro_apolice, id_veiculo, valor) VALUES (9, 'APOLICE009', 9, 5500.00);
INSERT INTO bd_projeto.seguro (id_seguradora, nro_apolice, id_veiculo, valor) VALUES (10, 'APOLICE010', 10, 3200.00);
INSERT INTO bd_projeto.seguro (id_seguradora, nro_apolice, id_veiculo, valor) VALUES (11, 'APOLICE011', 11, 3800.00);
INSERT INTO bd_projeto.seguro (id_seguradora, nro_apolice, id_veiculo, valor) VALUES (12, 'APOLICE012', 12, 4800.00);
INSERT INTO bd_projeto.seguro (id_seguradora, nro_apolice, id_veiculo, valor) VALUES (13, 'APOLICE013', 13, 9000.00);
INSERT INTO bd_projeto.seguro (id_seguradora, nro_apolice, id_veiculo, valor) VALUES (14, 'APOLICE014', 14, 9500.00);
INSERT INTO bd_projeto.seguro (id_seguradora, nro_apolice, id_veiculo, valor) VALUES (15, 'APOLICE015', 15, 12000.00);
INSERT INTO bd_projeto.seguro (id_seguradora, nro_apolice, id_veiculo, valor) VALUES (1, 'APOLICE016', 16, 15000.00); -- Repeated seguradora ID 1
INSERT INTO bd_projeto.seguro (id_seguradora, nro_apolice, id_veiculo, valor) VALUES (2, 'APOLICE017', 17, 11000.00); -- Repeated seguradora ID 2
INSERT INTO bd_projeto.seguro (id_seguradora, nro_apolice, id_veiculo, valor) VALUES (3, 'APOLICE018', 18, 5200.00); -- Repeated seguradora ID 3

INSERT INTO bd_projeto.corrida (nro_sequencial, id_passageiro, endereco_destino, dt_hora_inicio, dt_hora_fim, valortotal) VALUES (1, 2, 'Rua das Palmeiras, 100, Copacabana, Rio de Janeiro - RJ', '2024-05-10 10:00:00', '2024-05-10 10:20:00', 25.50);
INSERT INTO bd_projeto.corrida (nro_sequencial, id_passageiro, endereco_destino, dt_hora_inicio, dt_hora_fim, valortotal) VALUES (2, 2, 'Rua da Assembleia, 80, Centro, Rio de Janeiro - RJ', '2024-05-15 09:30:00', '2024-05-15 09:50:00', 26.00);
INSERT INTO bd_projeto.corrida (nro_sequencial, id_passageiro, endereco_destino, dt_hora_inicio, dt_hora_fim, valortotal) VALUES (3, 2, 'Rua Visconde de Pirajá, 450, Ipanema, Rio de Janeiro - RJ', '2024-05-17 09:00:00', '2024-05-17 09:25:00', 30.00);
INSERT INTO bd_projeto.corrida (nro_sequencial, id_passageiro, endereco_destino, dt_hora_inicio, dt_hora_fim, valortotal) VALUES (4, 2, 'Avenida Niemeyer, 500, São Conrado, Rio de Janeiro - RJ', '2024-05-20 08:30:00', '2024-05-20 09:10:00', 48.00);
INSERT INTO bd_projeto.corrida (nro_sequencial, id_passageiro, endereco_destino, dt_hora_inicio, dt_hora_fim, valortotal) VALUES (5, 2, 'Rua Doutor Alfredo Ellis, 100, Bela Vista, São Paulo - SP', '2024-05-26 09:30:00', '2024-05-26 10:00:00', 31.00);
INSERT INTO bd_projeto.corrida (nro_sequencial, id_passageiro, endereco_destino, dt_hora_inicio, dt_hora_fim, valortotal) VALUES (1, 4, 'Avenida Brasil, 2500, Barra da Tijuca, Rio de Janeiro - RJ', '2024-05-10 11:15:00', '2024-05-10 11:45:00', 40.00);
INSERT INTO bd_projeto.corrida (nro_sequencial, id_passageiro, endereco_destino, dt_hora_inicio, dt_hora_fim, valortotal) VALUES (2, 4, 'Avenida Rebouças, 2000, Pinheiros, São Paulo - SP', '2024-05-15 14:00:00', '2024-05-15 14:40:00', 39.00);
INSERT INTO bd_projeto.corrida (nro_sequencial, id_passageiro, endereco_destino, dt_hora_inicio, dt_hora_fim, valortotal) VALUES (3, 4, 'Rua da Consolação, 2500, Consolação, São Paulo - SP', '2024-05-17 10:30:00', '2024-05-17 11:00:00', 37.50);
INSERT INTO bd_projeto.corrida (nro_sequencial, id_passageiro, endereco_destino, dt_hora_inicio, dt_hora_fim, valortotal) VALUES (4, 4, 'Avenida Europa, 700, Jardim Europa, São Paulo - SP', '2024-05-20 10:45:00', '2024-05-20 11:20:00', 41.00);
INSERT INTO bd_projeto.corrida (nro_sequencial, id_passageiro, endereco_destino, dt_hora_inicio, dt_hora_fim, valortotal) VALUES (5, 4, 'Avenida Presidente Vargas, 1000, Centro, Rio de Janeiro - RJ', '2024-05-26 14:00:00', '2024-05-26 14:35:00', 36.00);
INSERT INTO bd_projeto.corrida (nro_sequencial, id_passageiro, endereco_destino, dt_hora_inicio, dt_hora_fim, valortotal) VALUES (1, 6, 'Praça da Sé, Centro, São Paulo - SP', '2024-05-10 14:00:00', '2024-05-10 14:30:00', 30.25);
INSERT INTO bd_projeto.corrida (nro_sequencial, id_passageiro, endereco_destino, dt_hora_inicio, dt_hora_fim, valortotal) VALUES (2, 6, 'Avenida Cristiano Machado, 3000, Cidade Nova, Belo Horizonte - MG', '2024-05-15 17:00:00', '2024-05-15 17:25:00', 24.50);
INSERT INTO bd_projeto.corrida (nro_sequencial, id_passageiro, endereco_destino, dt_hora_inicio, dt_hora_fim, valortotal) VALUES (3, 6, 'Avenida do Contorno, 5000, Savassi, Belo Horizonte - MG', '2024-05-17 13:00:00', '2024-05-17 13:30:00', 32.00);
INSERT INTO bd_projeto.corrida (nro_sequencial, id_passageiro, endereco_destino, dt_hora_inicio, dt_hora_fim, valortotal) VALUES (4, 6, 'Rua Professor Moraes, 200, Savassi, Belo Horizonte - MG', '2024-05-20 14:00:00', '2024-05-20 14:25:00', 27.50);
INSERT INTO bd_projeto.corrida (nro_sequencial, id_passageiro, endereco_destino, dt_hora_inicio, dt_hora_fim, valortotal) VALUES (5, 6, 'Avenida Paulista, 1500, Cerqueira César, São Paulo - SP', '2024-05-27 10:00:00', '2024-05-27 10:30:00', 39.50);
INSERT INTO bd_projeto.corrida (nro_sequencial, id_passageiro, endereco_destino, dt_hora_inicio, dt_hora_fim, valortotal) VALUES (1, 8, 'Rua Oscar Freire, 1000, Jardins, São Paulo - SP', '2024-05-10 16:30:00', '2024-05-10 17:00:00', 38.75);
INSERT INTO bd_projeto.corrida (nro_sequencial, id_passageiro, endereco_destino, dt_hora_inicio, dt_hora_fim, valortotal) VALUES (2, 8, 'Rua da República, 1000, Cidade Baixa, Porto Alegre - RS', '2024-05-16 08:30:00', '2024-05-16 08:55:00', 21.50);
INSERT INTO bd_projeto.corrida (nro_sequencial, id_passageiro, endereco_destino, dt_hora_inicio, dt_hora_fim, valortotal) VALUES (3, 8, 'Avenida Borges de Medeiros, 2000, Praia de Belas, Porto Alegre - RS', '2024-05-17 15:00:00', '2024-05-17 15:25:00', 26.50);
INSERT INTO bd_projeto.corrida (nro_sequencial, id_passageiro, endereco_destino, dt_hora_inicio, dt_hora_fim, valortotal) VALUES (4, 8, 'Rua Mostardeiro, 500, Moinhos de Vento, Porto Alegre - RS', '2024-05-21 09:30:00', '2024-05-21 09:55:00', 25.00);
INSERT INTO bd_projeto.corrida (nro_sequencial, id_passageiro, endereco_destino, dt_hora_inicio, dt_hora_fim, valortotal) VALUES (5, 8, 'Rua Curitiba, 1000, Centro, Belo Horizonte - MG', '2024-05-27 12:30:00', '2024-05-27 12:55:00', 25.50);
INSERT INTO bd_projeto.corrida (nro_sequencial, id_passageiro, endereco_destino, dt_hora_inicio, dt_hora_fim, valortotal) VALUES (1, 10, 'Avenida Afonso Pena, 1200, Centro, Belo Horizonte - MG', '2024-05-11 08:00:00', '2024-05-11 08:25:00', 22.00);
INSERT INTO bd_projeto.corrida (nro_sequencial, id_passageiro, endereco_destino, dt_hora_inicio, dt_hora_fim, valortotal) VALUES (2, 10, 'Avenida Marechal Floriano Peixoto, 100, Centro, Curitiba - PR', '2024-05-16 11:00:00', '2024-05-16 11:20:00', 28.00);
INSERT INTO bd_projeto.corrida (nro_sequencial, id_passageiro, endereco_destino, dt_hora_inicio, dt_hora_fim, valortotal) VALUES (3, 10, 'Rua Barão do Rio Branco, 800, Centro, Curitiba - PR', '2024-05-18 08:00:00', '2024-05-18 08:20:00', 24.00);
INSERT INTO bd_projeto.corrida (nro_sequencial, id_passageiro, endereco_destino, dt_hora_inicio, dt_hora_fim, valortotal) VALUES (4, 10, 'Rua Cândido de Abreu, 300, Centro Cívico, Curitiba - PR', '2024-05-21 11:30:00', '2024-05-21 11:50:00', 29.00);
INSERT INTO bd_projeto.corrida (nro_sequencial, id_passageiro, endereco_destino, dt_hora_inicio, dt_hora_fim, valortotal) VALUES (5, 10, 'Rua 24 Horas, Centro, Curitiba - PR', '2024-05-27 15:00:00', '2024-05-27 15:20:00', 28.00);
INSERT INTO bd_projeto.corrida (nro_sequencial, id_passageiro, endereco_destino, dt_hora_inicio, dt_hora_fim, valortotal) VALUES (1, 12, 'Rua da Bahia, 500, Lourdes, Belo Horizonte - MG', '2024-05-11 09:30:00', '2024-05-11 09:55:00', 28.90);
INSERT INTO bd_projeto.corrida (nro_sequencial, id_passageiro, endereco_destino, dt_hora_inicio, dt_hora_fim, valortotal) VALUES (2, 12, 'Rua das Laranjeiras, 300, Laranjeiras, Rio de Janeiro - RJ', '2024-05-18 10:00:00', '2024-05-18 10:30:00', 33.00);
INSERT INTO bd_projeto.corrida (nro_sequencial, id_passageiro, endereco_destino, dt_hora_inicio, dt_hora_fim, valortotal) VALUES (3, 12, 'Rua Humaitá, 100, Botafogo, Rio de Janeiro - RJ', '2024-05-22 09:00:00', '2024-05-22 09:20:00', 22.00);
INSERT INTO bd_projeto.corrida (nro_sequencial, id_passageiro, endereco_destino, dt_hora_inicio, dt_hora_fim, valortotal) VALUES (4, 12, 'Rua das Graças, 50, Copacabana, Rio de Janeiro - RJ', '2024-05-28 08:45:00', '2024-05-28 09:05:00', 23.00);
INSERT INTO bd_projeto.corrida (nro_sequencial, id_passageiro, endereco_destino, dt_hora_inicio, dt_hora_fim, valortotal) VALUES (5, 12, 'Rua General Osório, 10, Ipanema, Rio de Janeiro - RJ', '2024-06-03 09:00:00', '2024-06-03 09:20:00', 24.00);
INSERT INTO bd_projeto.corrida (nro_sequencial, id_passageiro, endereco_destino, dt_hora_inicio, dt_hora_fim, valortotal) VALUES (1, 14, 'Rua Padre Chagas, 300, Moinhos de Vento, Porto Alegre - RS', '2024-05-11 13:00:00', '2024-05-11 13:20:00', 20.00);
INSERT INTO bd_projeto.corrida (nro_sequencial, id_passageiro, endereco_destino, dt_hora_inicio, dt_hora_fim, valortotal) VALUES (2, 14, 'Avenida Brigadeiro Faria Lima, 3500, Itaim Bibi, São Paulo - SP', '2024-05-18 12:30:00', '2024-05-18 13:05:00', 45.00);
INSERT INTO bd_projeto.corrida (nro_sequencial, id_passageiro, endereco_destino, dt_hora_inicio, dt_hora_fim, valortotal) VALUES (3, 14, 'Avenida Nove de Julho, 4000, Jardins, São Paulo - SP', '2024-05-22 10:40:00', '2024-05-22 11:15:00', 43.00);
INSERT INTO bd_projeto.corrida (nro_sequencial, id_passageiro, endereco_destino, dt_hora_inicio, dt_hora_fim, valortotal) VALUES (4, 14, 'Avenida Faria Lima, 100, Pinheiros, São Paulo - SP', '2024-05-28 11:00:00', '2024-05-28 11:30:00', 34.00);
INSERT INTO bd_projeto.corrida (nro_sequencial, id_passageiro, endereco_destino, dt_hora_inicio, dt_hora_fim, valortotal) VALUES (5, 14, 'Rua Sena Madureira, 100, Vila Mariana, São Paulo - SP', '2024-06-03 11:00:00', '2024-06-03 11:30:00', 35.00);
INSERT INTO bd_projeto.corrida (nro_sequencial, id_passageiro, endereco_destino, dt_hora_inicio, dt_hora_fim, valortotal) VALUES (1, 16, 'Avenida Goethe, 800, Boa Vista, Porto Alegre - RS', '2024-05-11 15:00:00', '2024-05-11 15:30:00', 32.50);
INSERT INTO bd_projeto.corrida (nro_sequencial, id_passageiro, endereco_destino, dt_hora_inicio, dt_hora_fim, valortotal) VALUES (2, 16, 'Rua Rio Grande do Norte, 100, Savassi, Belo Horizonte - MG', '2024-05-18 15:30:00', '2024-05-18 15:50:00', 29.00);
INSERT INTO bd_projeto.corrida (nro_sequencial, id_passageiro, endereco_destino, dt_hora_inicio, dt_hora_fim, valortotal) VALUES (3, 16, 'Avenida Bias Fortes, 1500, Centro, Belo Horizonte - MG', '2024-05-22 13:00:00', '2024-05-22 13:25:00', 26.00);
INSERT INTO bd_projeto.corrida (nro_sequencial, id_passageiro, endereco_destino, dt_hora_inicio, dt_hora_fim, valortotal) VALUES (4, 16, 'Rua da Bahia, 1500, Centro, Belo Horizonte - MG', '2024-05-28 13:00:00', '2024-05-28 13:20:00', 26.00);
INSERT INTO bd_projeto.corrida (nro_sequencial, id_passageiro, endereco_destino, dt_hora_inicio, dt_hora_fim, valortotal) VALUES (5, 16, 'Rua Cláudio Manuel, 50, Savassi, Belo Horizonte - MG', '2024-06-03 13:00:00', '2024-06-03 13:20:00', 27.00);
INSERT INTO bd_projeto.corrida (nro_sequencial, id_passageiro, endereco_destino, dt_hora_inicio, dt_hora_fim, valortotal) VALUES (1, 18, 'Rua XV de Novembro, 700, Centro, Curitiba - PR', '2024-05-12 10:45:00', '2024-05-12 11:10:00', 27.00);
INSERT INTO bd_projeto.corrida (nro_sequencial, id_passageiro, endereco_destino, dt_hora_inicio, dt_hora_fim, valortotal) VALUES (2, 18, 'Rua dos Andradas, 1500, Centro Histórico, Porto Alegre - RS', '2024-05-19 09:00:00', '2024-05-19 09:20:00', 22.50);
INSERT INTO bd_projeto.corrida (nro_sequencial, id_passageiro, endereco_destino, dt_hora_inicio, dt_hora_fim, valortotal) VALUES (3, 18, 'Rua da Conceição, 800, Centro, Porto Alegre - RS', '2024-05-23 08:00:00', '2024-05-23 08:20:00', 20.00);
INSERT INTO bd_projeto.corrida (nro_sequencial, id_passageiro, endereco_destino, dt_hora_inicio, dt_hora_fim, valortotal) VALUES (4, 18, 'Rua Doutor Timóteo, 200, Moinhos de Vento, Porto Alegre - RS', '2024-05-29 09:30:00', '2024-05-29 09:55:00', 21.00);
INSERT INTO bd_projeto.corrida (nro_sequencial, id_passageiro, endereco_destino, dt_hora_inicio, dt_hora_fim, valortotal) VALUES (5, 18, 'Avenida Assis Brasil, 200, Passo D''Areia, Porto Alegre - RS', '2024-06-04 09:00:00', '2024-06-04 09:25:00', 23.00);
INSERT INTO bd_projeto.corrida (nro_sequencial, id_passageiro, endereco_destino, dt_hora_inicio, dt_hora_fim, valortotal) VALUES (1, 20, 'Rua Batel, 600, Batel, Curitiba - PR', '2024-05-12 14:00:00', '2024-05-12 14:20:00', 29.50);
INSERT INTO bd_projeto.corrida (nro_sequencial, id_passageiro, endereco_destino, dt_hora_inicio, dt_hora_fim, valortotal) VALUES (2, 20, 'Rua Emiliano Perneta, 400, Centro, Curitiba - PR', '2024-05-19 11:00:00', '2024-05-19 11:25:00', 27.00);
INSERT INTO bd_projeto.corrida (nro_sequencial, id_passageiro, endereco_destino, dt_hora_inicio, dt_hora_fim, valortotal) VALUES (3, 20, 'Rua Marechal Deodoro, 600, Centro, Curitiba - PR', '2024-05-23 10:00:00', '2024-05-23 10:25:00', 30.50);
INSERT INTO bd_projeto.corrida (nro_sequencial, id_passageiro, endereco_destino, dt_hora_inicio, dt_hora_fim, valortotal) VALUES (4, 20, 'Rua Padre Anchieta, 100, Bigorrilho, Curitiba - PR', '2024-05-29 11:00:00', '2024-05-29 11:25:00', 30.00);
INSERT INTO bd_projeto.corrida (nro_sequencial, id_passageiro, endereco_destino, dt_hora_inicio, dt_hora_fim, valortotal) VALUES (5, 20, 'Rua Conselheiro Laurindo, 800, Centro, Curitiba - PR', '2024-06-04 11:00:00', '2024-06-04 11:20:00', 29.00);
INSERT INTO bd_projeto.corrida (nro_sequencial, id_passageiro, endereco_destino, dt_hora_inicio, dt_hora_fim, valortotal) VALUES (1, 22, 'Rua da Consolação, 900, Consolação, São Paulo - SP', '2024-05-13 10:00:00', '2024-05-13 10:35:00', 35.00);
INSERT INTO bd_projeto.corrida (nro_sequencial, id_passageiro, endereco_destino, dt_hora_inicio, dt_hora_fim, valortotal) VALUES (2, 22, 'Rua Barata Ribeiro, 700, Copacabana, Rio de Janeiro - RJ', '2024-05-24 09:15:00', '2024-05-24 09:40:00', 28.00);
INSERT INTO bd_projeto.corrida (nro_sequencial, id_passageiro, endereco_destino, dt_hora_inicio, dt_hora_fim, valortotal) VALUES (3, 22, 'Avenida Vieira Souto, 800, Ipanema, Rio de Janeiro - RJ', '2024-05-30 08:00:00', '2024-05-30 08:30:00', 40.00);
INSERT INTO bd_projeto.corrida (nro_sequencial, id_passageiro, endereco_destino, dt_hora_inicio, dt_hora_fim, valortotal) VALUES (1, 24, 'Rua dos Timbiras, 400, Centro, Belo Horizonte - MG', '2024-05-13 12:00:00', '2024-05-13 12:20:00', 23.00);
INSERT INTO bd_projeto.corrida (nro_sequencial, id_passageiro, endereco_destino, dt_hora_inicio, dt_hora_fim, valortotal) VALUES (2, 24, 'Rua Sergipe, 500, Savassi, Belo Horizonte - MG', '2024-05-24 11:00:00', '2024-05-24 11:20:00', 24.00);
INSERT INTO bd_projeto.corrida (nro_sequencial, id_passageiro, endereco_destino, dt_hora_inicio, dt_hora_fim, valortotal) VALUES (3, 24, 'Rua Alagoas, 700, Savassi, Belo Horizonte - MG', '2024-05-30 10:00:00', '2024-05-30 10:20:00', 22.00);
INSERT INTO bd_projeto.corrida (nro_sequencial, id_passageiro, endereco_destino, dt_hora_inicio, dt_hora_fim, valortotal) VALUES (1, 26, 'Avenida Atlântica, 3000, Copacabana, Rio de Janeiro - RJ', '2024-05-13 16:00:00', '2024-05-13 16:40:00', 42.00);
INSERT INTO bd_projeto.corrida (nro_sequencial, id_passageiro, endereco_destino, dt_hora_inicio, dt_hora_fim, valortotal) VALUES (2, 26, 'Avenida Sete de Setembro, 200, Centro, Salvador - BA', '2024-05-24 14:00:00', '2024-05-24 14:40:00', 40.00);
INSERT INTO bd_projeto.corrida (nro_sequencial, id_passageiro, endereco_destino, dt_hora_inicio, dt_hora_fim, valortotal) VALUES (3, 26, 'Rua da Consolação, 500, Consolação, São Paulo - SP', '2024-05-30 14:00:00', '2024-05-30 14:35:00', 37.00);
INSERT INTO bd_projeto.corrida (nro_sequencial, id_passageiro, endereco_destino, dt_hora_inicio, dt_hora_fim, valortotal) VALUES (1, 28, 'Rua do Ouvidor, 50, Centro, Rio de Janeiro - RJ', '2024-05-14 09:00:00', '2024-05-14 09:15:00', 18.00);
INSERT INTO bd_projeto.corrida (nro_sequencial, id_passageiro, endereco_destino, dt_hora_inicio, dt_hora_fim, valortotal) VALUES (2, 28, 'Rua Buenos Aires, 150, Centro, Rio de Janeiro - RJ', '2024-05-25 08:00:00', '2024-05-25 08:15:00', 19.50);
INSERT INTO bd_projeto.corrida (nro_sequencial, id_passageiro, endereco_destino, dt_hora_inicio, dt_hora_fim, valortotal) VALUES (3, 28, 'Rua México, 10, Centro, Rio de Janeiro - RJ', '2024-05-31 09:00:00', '2024-05-31 09:15:00', 17.00);
INSERT INTO bd_projeto.corrida (nro_sequencial, id_passageiro, endereco_destino, dt_hora_inicio, dt_hora_fim, valortotal) VALUES (1, 30, 'Rua Augusta, 1500, Consolação, São Paulo - SP', '2024-05-14 11:00:00', '2024-05-14 11:30:00', 31.00);
INSERT INTO bd_projeto.corrida (nro_sequencial, id_passageiro, endereco_destino, dt_hora_inicio, dt_hora_fim, valortotal) VALUES (2, 30, 'Rua da Consolação, 1800, Consolação, São Paulo - SP', '2024-05-25 10:00:00', '2024-05-25 10:30:00', 33.00);
INSERT INTO bd_projeto.corrida (nro_sequencial, id_passageiro, endereco_destino, dt_hora_inicio, dt_hora_fim, valortotal) VALUES (3, 30, 'Rua Pamplona, 1200, Jardins, São Paulo - SP', '2024-05-31 11:00:00', '2024-05-31 11:30:00', 32.00);

INSERT INTO bd_projeto.solicitacao (nro_sequencial, id_passageiro, id_motorista, valor_principal) VALUES (1, 2, 47, 25.50);
INSERT INTO bd_projeto.solicitacao (nro_sequencial, id_passageiro, id_motorista, valor_principal) VALUES (2, 2, 48, 26.00);
INSERT INTO bd_projeto.solicitacao (nro_sequencial, id_passageiro, id_motorista, valor_principal) VALUES (3, 2, 54, 30.00);
INSERT INTO bd_projeto.solicitacao (nro_sequencial, id_passageiro, id_motorista, valor_principal) VALUES (4, 2, 55, 48.00);
INSERT INTO bd_projeto.solicitacao (nro_sequencial, id_passageiro, id_motorista, valor_principal) VALUES (5, 2, 56, 31.00);
INSERT INTO bd_projeto.solicitacao (nro_sequencial, id_passageiro, id_motorista, valor_principal) VALUES (1, 4, 46, 40.00);
INSERT INTO bd_projeto.solicitacao (nro_sequencial, id_passageiro, id_motorista, valor_principal) VALUES (2, 4, 57, 39.00);
INSERT INTO bd_projeto.solicitacao (nro_sequencial, id_passageiro, id_motorista, valor_principal) VALUES (3, 4, 42, 37.50);
INSERT INTO bd_projeto.solicitacao (nro_sequencial, id_passageiro, id_motorista, valor_principal) VALUES (4, 4, 50, 41.00);
INSERT INTO bd_projeto.solicitacao (nro_sequencial, id_passageiro, id_motorista, valor_principal) VALUES (5, 4, 50, 36.00);
INSERT INTO bd_projeto.solicitacao (nro_sequencial, id_passageiro, id_motorista, valor_principal) VALUES (1, 6, 60, 30.25);
INSERT INTO bd_projeto.solicitacao (nro_sequencial, id_passageiro, id_motorista, valor_principal) VALUES (2, 6, 47, 24.50);
INSERT INTO bd_projeto.solicitacao (nro_sequencial, id_passageiro, id_motorista, valor_principal) VALUES (3, 6, 54, 32.00);
INSERT INTO bd_projeto.solicitacao (nro_sequencial, id_passageiro, id_motorista, valor_principal) VALUES (4, 6, 45, 27.50);
INSERT INTO bd_projeto.solicitacao (nro_sequencial, id_passageiro, id_motorista, valor_principal) VALUES (5, 6, 42, 39.50);
INSERT INTO bd_projeto.solicitacao (nro_sequencial, id_passageiro, id_motorista, valor_principal) VALUES (1, 8, 55, 38.75);
INSERT INTO bd_projeto.solicitacao (nro_sequencial, id_passageiro, id_motorista, valor_principal) VALUES (2, 8, 50, 21.50);
INSERT INTO bd_projeto.solicitacao (nro_sequencial, id_passageiro, id_motorista, valor_principal) VALUES (3, 8, 48, 26.50);
INSERT INTO bd_projeto.solicitacao (nro_sequencial, id_passageiro, id_motorista, valor_principal) VALUES (4, 8, 51, 25.00);
INSERT INTO bd_projeto.solicitacao (nro_sequencial, id_passageiro, id_motorista, valor_principal) VALUES (5, 8, 50, 25.50);
INSERT INTO bd_projeto.solicitacao (nro_sequencial, id_passageiro, id_motorista, valor_principal) VALUES (1, 10, 57, 22.00);
INSERT INTO bd_projeto.solicitacao (nro_sequencial, id_passageiro, id_motorista, valor_principal) VALUES (2, 10, 60, 28.00);
INSERT INTO bd_projeto.solicitacao (nro_sequencial, id_passageiro, id_motorista, valor_principal) VALUES (3, 10, 41, 24.00);
INSERT INTO bd_projeto.solicitacao (nro_sequencial, id_passageiro, id_motorista, valor_principal) VALUES (4, 10, 46, 29.00);
INSERT INTO bd_projeto.solicitacao (nro_sequencial, id_passageiro, id_motorista, valor_principal) VALUES (5, 10, 46, 28.00);
INSERT INTO bd_projeto.solicitacao (nro_sequencial, id_passageiro, id_motorista, valor_principal) VALUES (1, 12, 54, 28.90);
INSERT INTO bd_projeto.solicitacao (nro_sequencial, id_passageiro, id_motorista, valor_principal) VALUES (2, 12, 51, 33.00);
INSERT INTO bd_projeto.solicitacao (nro_sequencial, id_passageiro, id_motorista, valor_principal) VALUES (3, 12, 46, 22.00);
INSERT INTO bd_projeto.solicitacao (nro_sequencial, id_passageiro, id_motorista, valor_principal) VALUES (4, 12, 42, 23.00);
INSERT INTO bd_projeto.solicitacao (nro_sequencial, id_passageiro, id_motorista, valor_principal) VALUES (5, 12, 50, 24.00);
INSERT INTO bd_projeto.solicitacao (nro_sequencial, id_passageiro, id_motorista, valor_principal) VALUES (1, 14, 47, 20.00);
INSERT INTO bd_projeto.solicitacao (nro_sequencial, id_passageiro, id_motorista, valor_principal) VALUES (2, 14, 46, 45.00);
INSERT INTO bd_projeto.solicitacao (nro_sequencial, id_passageiro, id_motorista, valor_principal) VALUES (3, 14, 45, 43.00);
INSERT INTO bd_projeto.solicitacao (nro_sequencial, id_passageiro, id_motorista, valor_principal) VALUES (4, 14, 50, 34.00);
INSERT INTO bd_projeto.solicitacao (nro_sequencial, id_passageiro, id_motorista, valor_principal) VALUES (5, 14, 43, 35.00);
INSERT INTO bd_projeto.solicitacao (nro_sequencial, id_passageiro, id_motorista, valor_principal) VALUES (1, 16, 41, 27.98);
INSERT INTO bd_projeto.solicitacao (nro_sequencial, id_passageiro, id_motorista, valor_principal) VALUES (2, 16, 51, 21.17);
INSERT INTO bd_projeto.solicitacao (nro_sequencial, id_passageiro, id_motorista, valor_principal) VALUES (3, 16, 56, 13.61);
INSERT INTO bd_projeto.solicitacao (nro_sequencial, id_passageiro, id_motorista, valor_principal) VALUES (4, 16, 41, 13.98);
INSERT INTO bd_projeto.solicitacao (nro_sequencial, id_passageiro, id_motorista, valor_principal) VALUES (5, 16, 55, 17.11);
INSERT INTO bd_projeto.solicitacao (nro_sequencial, id_passageiro, id_motorista, valor_principal) VALUES (1, 18, 56, 14.46);
INSERT INTO bd_projeto.solicitacao (nro_sequencial, id_passageiro, id_motorista, valor_principal) VALUES (2, 18, 59, 18.02);
INSERT INTO bd_projeto.solicitacao (nro_sequencial, id_passageiro, id_motorista, valor_principal) VALUES (3, 18, 44, 16.96);
INSERT INTO bd_projeto.solicitacao (nro_sequencial, id_passageiro, id_motorista, valor_principal) VALUES (4, 18, 41, 12.02);
INSERT INTO bd_projeto.solicitacao (nro_sequencial, id_passageiro, id_motorista, valor_principal) VALUES (5, 18, 57, 21.98);
INSERT INTO bd_projeto.solicitacao (nro_sequencial, id_passageiro, id_motorista, valor_principal) VALUES (1, 20, 47, 21.09);
INSERT INTO bd_projeto.solicitacao (nro_sequencial, id_passageiro, id_motorista, valor_principal) VALUES (2, 20, 51, 21.78);
INSERT INTO bd_projeto.solicitacao (nro_sequencial, id_passageiro, id_motorista, valor_principal) VALUES (3, 20, 49, 25.07);
INSERT INTO bd_projeto.solicitacao (nro_sequencial, id_passageiro, id_motorista, valor_principal) VALUES (4, 20, 56, 24.25);
INSERT INTO bd_projeto.solicitacao (nro_sequencial, id_passageiro, id_motorista, valor_principal) VALUES (5, 20, 45, 17.48);
INSERT INTO bd_projeto.solicitacao (nro_sequencial, id_passageiro, id_motorista, valor_principal) VALUES (1, 22, 60, 21.44);
INSERT INTO bd_projeto.solicitacao (nro_sequencial, id_passageiro, id_motorista, valor_principal) VALUES (2, 22, 48, 19.69);
INSERT INTO bd_projeto.solicitacao (nro_sequencial, id_passageiro, id_motorista, valor_principal) VALUES (3, 22, 49, 32.19);
INSERT INTO bd_projeto.solicitacao (nro_sequencial, id_passageiro, id_motorista, valor_principal) VALUES (1, 24, 60, 13.07);
INSERT INTO bd_projeto.solicitacao (nro_sequencial, id_passageiro, id_motorista, valor_principal) VALUES (2, 24, 45, 23.53);
INSERT INTO bd_projeto.solicitacao (nro_sequencial, id_passageiro, id_motorista, valor_principal) VALUES (3, 24, 55, 15.51);
INSERT INTO bd_projeto.solicitacao (nro_sequencial, id_passageiro, id_motorista, valor_principal) VALUES (1, 26, 56, 35.06);
INSERT INTO bd_projeto.solicitacao (nro_sequencial, id_passageiro, id_motorista, valor_principal) VALUES (2, 26, 58, 31.15);
INSERT INTO bd_projeto.solicitacao (nro_sequencial, id_passageiro, id_motorista, valor_principal) VALUES (3, 26, 58, 29.97);
INSERT INTO bd_projeto.solicitacao (nro_sequencial, id_passageiro, id_motorista, valor_principal) VALUES (1, 28, 49, 13.04);
INSERT INTO bd_projeto.solicitacao (nro_sequencial, id_passageiro, id_motorista, valor_principal) VALUES (2, 28, 48, 13.95);
INSERT INTO bd_projeto.solicitacao (nro_sequencial, id_passageiro, id_motorista, valor_principal) VALUES (3, 28, 48, 11.10);
INSERT INTO bd_projeto.solicitacao (nro_sequencial, id_passageiro, id_motorista, valor_principal) VALUES (1, 30, 47, 16.68);
INSERT INTO bd_projeto.solicitacao (nro_sequencial, id_passageiro, id_motorista, valor_principal) VALUES (2, 30, 53, 30.58);
INSERT INTO bd_projeto.solicitacao (nro_sequencial, id_passageiro, id_motorista, valor_principal) VALUES (3, 30, 41, 27.55);

-- Ride (nro_sequencial: 1, id_passageiro: 16) - valortotal: 32.50, valor_principal: 27.98, remaining: 4.52
INSERT INTO bd_projeto.caronista (nro_sequencial, id_passageiro, id_caronista, valor_carona) VALUES (1, 16, 32, 2.00);
INSERT INTO bd_projeto.caronista (nro_sequencial, id_passageiro, id_caronista, valor_carona) VALUES (1, 16, 2, 2.52);
-- Ride (nro_sequencial: 2, id_passageiro: 16) - valortotal: 29.00, valor_principal: 21.17, remaining: 7.83
INSERT INTO bd_projeto.caronista (nro_sequencial, id_passageiro, id_caronista, valor_carona) VALUES (2, 16, 4, 3.91);
INSERT INTO bd_projeto.caronista (nro_sequencial, id_passageiro, id_caronista, valor_carona) VALUES (2, 16, 6, 3.92);
-- Ride (nro_sequencial: 3, id_passageiro: 16) - valortotal: 26.00, valor_principal: 13.61, remaining: 12.39
INSERT INTO bd_projeto.caronista (nro_sequencial, id_passageiro, id_caronista, valor_carona) VALUES (3, 16, 8, 0.00);
INSERT INTO bd_projeto.caronista (nro_sequencial, id_passageiro, id_caronista, valor_carona) VALUES (3, 16, 10, 6.19);
INSERT INTO bd_projeto.caronista (nro_sequencial, id_passageiro, id_caronista, valor_carona) VALUES (3, 16, 12, 6.20);
-- Ride (nro_sequencial: 4, id_passageiro: 16) - valortotal: 26.00, valor_principal: 13.98, remaining: 12.02
INSERT INTO bd_projeto.caronista (nro_sequencial, id_passageiro, id_caronista, valor_carona) VALUES (4, 16, 14, 0.00);
INSERT INTO bd_projeto.caronista (nro_sequencial, id_passageiro, id_caronista, valor_carona) VALUES (4, 16, 18, 6.01);
INSERT INTO bd_projeto.caronista (nro_sequencial, id_passageiro, id_caronista, valor_carona) VALUES (4, 16, 20, 6.01);
-- Ride (nro_sequencial: 5, id_passageiro: 16) - valortotal: 27.00, valor_principal: 17.11, remaining: 9.89
INSERT INTO bd_projeto.caronista (nro_sequencial, id_passageiro, id_caronista, valor_carona) VALUES (5, 16, 22, 4.94);
INSERT INTO bd_projeto.caronista (nro_sequencial, id_passageiro, id_caronista, valor_carona) VALUES (5, 16, 24, 4.95);
-- Ride (nro_sequencial: 1, id_passageiro: 18) - valortotal: 27.00, valor_principal: 14.46, remaining: 12.54
INSERT INTO bd_projeto.caronista (nro_sequencial, id_passageiro, id_caronista, valor_carona) VALUES (1, 18, 26, 0.00);
INSERT INTO bd_projeto.caronista (nro_sequencial, id_passageiro, id_caronista, valor_carona) VALUES (1, 18, 28, 6.27);
INSERT INTO bd_projeto.caronista (nro_sequencial, id_passageiro, id_caronista, valor_carona) VALUES (1, 18, 30, 6.27);
-- Ride (nro_sequencial: 2, id_passageiro: 18) - valortotal: 22.50, valor_principal: 18.02, remaining: 4.48
INSERT INTO bd_projeto.caronista (nro_sequencial, id_passageiro, id_caronista, valor_carona) VALUES (2, 18, 32, 4.48);
-- Ride (nro_sequencial: 3, id_passageiro: 18) - valortotal: 20.00, valor_principal: 16.96, remaining: 3.04
INSERT INTO bd_projeto.caronista (nro_sequencial, id_passageiro, id_caronista, valor_carona) VALUES (3, 18, 34, 1.52);
INSERT INTO bd_projeto.caronista (nro_sequencial, id_passageiro, id_caronista, valor_carona) VALUES (3, 18, 36, 1.52);
-- Ride (nro_sequencial: 4, id_passageiro: 18) - valortotal: 21.00, valor_principal: 12.02, remaining: 8.98
INSERT INTO bd_projeto.caronista (nro_sequencial, id_passageiro, id_caronista, valor_carona) VALUES (4, 18, 38, 0.00);
INSERT INTO bd_projeto.caronista (nro_sequencial, id_passageiro, id_caronista, valor_carona) VALUES (4, 18, 40, 4.49);
INSERT INTO bd_projeto.caronista (nro_sequencial, id_passageiro, id_caronista, valor_carona) VALUES (4, 18, 2, 4.49);
-- Ride (nro_sequencial: 5, id_passageiro: 18) - valortotal: 23.00, valor_principal: 21.98, remaining: 1.02
INSERT INTO bd_projeto.caronista (nro_sequencial, id_passageiro, id_caronista, valor_carona) VALUES (5, 18, 4, 1.02);
-- Ride (nro_sequencial: 1, id_passageiro: 20) - valortotal: 29.50, valor_principal: 21.09, remaining: 8.41
INSERT INTO bd_projeto.caronista (nro_sequencial, id_passageiro, id_caronista, valor_carona) VALUES (1, 20, 6, 0.00);
INSERT INTO bd_projeto.caronista (nro_sequencial, id_passageiro, id_caronista, valor_carona) VALUES (1, 20, 8, 4.20);
INSERT INTO bd_projeto.caronista (nro_sequencial, id_passageiro, id_caronista, valor_carona) VALUES (1, 20, 10, 4.21);
-- Ride (nro_sequencial: 2, id_passageiro: 20) - valortotal: 27.00, valor_principal: 21.78, remaining: 5.22
INSERT INTO bd_projeto.caronista (nro_sequencial, id_passageiro, id_caronista, valor_carona) VALUES (2, 20, 12, 2.61);
INSERT INTO bd_projeto.caronista (nro_sequencial, id_passageiro, id_caronista, valor_carona) VALUES (2, 20, 14, 2.61);
-- Ride (nro_sequencial: 3, id_passageiro: 20) - valortotal: 30.50, valor_principal: 25.07, remaining: 5.43
INSERT INTO bd_projeto.caronista (nro_sequencial, id_passageiro, id_caronista, valor_carona) VALUES (3, 20, 16, 5.43);
-- Ride (nro_sequencial: 4, id_passageiro: 20) - valortotal: 30.00, valor_principal: 24.25, remaining: 5.75
INSERT INTO bd_projeto.caronista (nro_sequencial, id_passageiro, id_caronista, valor_carona) VALUES (4, 20, 18, 2.87);
INSERT INTO bd_projeto.caronista (nro_sequencial, id_passageiro, id_caronista, valor_carona) VALUES (4, 20, 22, 2.88);
-- Ride (nro_sequencial: 5, id_passageiro: 20) - valortotal: 29.00, valor_principal: 17.48, remaining: 11.52
INSERT INTO bd_projeto.caronista (nro_sequencial, id_passageiro, id_caronista, valor_carona) VALUES (5, 20, 24, 0.00);
INSERT INTO bd_projeto.caronista (nro_sequencial, id_passageiro, id_caronista, valor_carona) VALUES (5, 20, 26, 5.76);
INSERT INTO bd_projeto.caronista (nro_sequencial, id_passageiro, id_caronista, valor_carona) VALUES (5, 20, 28, 5.76);
-- Ride (nro_sequencial: 2, id_passageiro: 22) - valortotal: 28.00, valor_principal: 19.69, remaining: 8.31
INSERT INTO bd_projeto.caronista (nro_sequencial, id_passageiro, id_caronista, valor_carona) VALUES (2, 22, 30, 4.15);
INSERT INTO bd_projeto.caronista (nro_sequencial, id_passageiro, id_caronista, valor_carona) VALUES (2, 22, 32, 4.16);
-- Ride (nro_sequencial: 1, id_passageiro: 24) - valortotal: 23.00, valor_principal: 13.07, remaining: 9.93
INSERT INTO bd_projeto.caronista (nro_sequencial, id_passageiro, id_caronista, valor_carona) VALUES (1, 24, 34, 4.96);
INSERT INTO bd_projeto.caronista (nro_sequencial, id_passageiro, id_caronista, valor_carona) VALUES (1, 24, 36, 4.97);
-- Ride (nro_sequencial: 2, id_passageiro: 24) - valortotal: 24.00, valor_principal: 23.53, remaining: 0.47
INSERT INTO bd_projeto.caronista (nro_sequencial, id_passageiro, id_caronista, valor_carona) VALUES (2, 24, 38, 0.47);
-- Ride (nro_sequencial: 3, id_passageiro: 24) - valortotal: 22.00, valor_principal: 15.51, remaining: 6.49
INSERT INTO bd_projeto.caronista (nro_sequencial, id_passageiro, id_caronista, valor_carona) VALUES (3, 24, 40, 0.00);
INSERT INTO bd_projeto.caronista (nro_sequencial, id_passageiro, id_caronista, valor_carona) VALUES (3, 24, 2, 3.24);
INSERT INTO bd_projeto.caronista (nro_sequencial, id_passageiro, id_caronista, valor_carona) VALUES (3, 24, 4, 3.25);
-- Ride (nro_sequencial: 2, id_passageiro: 26) - valortotal: 40.00, valor_principal: 31.15, remaining: 8.85
INSERT INTO bd_projeto.caronista (nro_sequencial, id_passageiro, id_caronista, valor_carona) VALUES (2, 26, 6, 0.00);
INSERT INTO bd_projeto.caronista (nro_sequencial, id_passageiro, id_caronista, valor_carona) VALUES (2, 26, 8, 4.42);
INSERT INTO bd_projeto.caronista (nro_sequencial, id_passageiro, id_caronista, valor_carona) VALUES (2, 26, 10, 4.43);
-- Ride (nro_sequencial: 3, id_passageiro: 26) - valortotal: 37.00, valor_principal: 29.97, remaining: 7.03
INSERT INTO bd_projeto.caronista (nro_sequencial, id_passageiro, id_caronista, valor_carona) VALUES (3, 26, 12, 7.03);
-- Ride (nro_sequencial: 1, id_passageiro: 28) - valortotal: 18.00, valor_principal: 13.04, remaining: 4.96
INSERT INTO bd_projeto.caronista (nro_sequencial, id_passageiro, id_caronista, valor_carona) VALUES (1, 28, 14, 4.96);
-- Ride (nro_sequencial: 2, id_passageiro: 28) - valortotal: 19.50, valor_principal: 13.95, remaining: 5.55
INSERT INTO bd_projeto.caronista (nro_sequencial, id_passageiro, id_caronista, valor_carona) VALUES (2, 28, 16, 2.77);
INSERT INTO bd_projeto.caronista (nro_sequencial, id_passageiro, id_caronista, valor_carona) VALUES (2, 28, 18, 2.78);
-- Ride (nro_sequencial: 3, id_passageiro: 28) - valortotal: 17.00, valor_principal: 11.10, remaining: 5.90
INSERT INTO bd_projeto.caronista (nro_sequencial, id_passageiro, id_caronista, valor_carona) VALUES (3, 28, 20, 5.90);
-- Ride (nro_sequencial: 1, id_passageiro: 30) - valortotal: 31.00, valor_principal: 16.68, remaining: 14.32
INSERT INTO bd_projeto.caronista (nro_sequencial, id_passageiro, id_caronista, valor_carona) VALUES (1, 30, 22, 0.00);
INSERT INTO bd_projeto.caronista (nro_sequencial, id_passageiro, id_caronista, valor_carona) VALUES (1, 30, 24, 7.16);
INSERT INTO bd_projeto.caronista (nro_sequencial, id_passageiro, id_caronista, valor_carona) VALUES (1, 30, 26, 7.16);
-- Ride (nro_sequencial: 2, id_passageiro: 30) - valortotal: 33.00, valor_principal: 30.58, remaining: 2.42
INSERT INTO bd_projeto.caronista (nro_sequencial, id_passageiro, id_caronista, valor_carona) VALUES (2, 30, 28, 2.42);
-- Ride (nro_sequencial: 3, id_passageiro: 30) - valortotal: 32.00, valor_principal: 27.55, remaining: 4.45
INSERT INTO bd_projeto.caronista (nro_sequencial, id_passageiro, id_caronista, valor_carona) VALUES (3, 30, 32, 4.45);

INSERT INTO bd_projeto.suporte_corrida (nro_sequencial, id_passageiro, id_atendente) VALUES (1, 2, 1);
INSERT INTO bd_projeto.suporte_corrida (nro_sequencial, id_passageiro, id_atendente) VALUES (3, 2, 3);
INSERT INTO bd_projeto.suporte_corrida (nro_sequencial, id_passageiro, id_atendente) VALUES (5, 2, 5);
INSERT INTO bd_projeto.suporte_corrida (nro_sequencial, id_passageiro, id_atendente) VALUES (1, 4, 7);
INSERT INTO bd_projeto.suporte_corrida (nro_sequencial, id_passageiro, id_atendente) VALUES (3, 4, 9);
INSERT INTO bd_projeto.suporte_corrida (nro_sequencial, id_passageiro, id_atendente) VALUES (5, 4, 11);
INSERT INTO bd_projeto.suporte_corrida (nro_sequencial, id_passageiro, id_atendente) VALUES (1, 6, 13);
INSERT INTO bd_projeto.suporte_corrida (nro_sequencial, id_passageiro, id_atendente) VALUES (3, 6, 15);
INSERT INTO bd_projeto.suporte_corrida (nro_sequencial, id_passageiro, id_atendente) VALUES (5, 6, 17);
INSERT INTO bd_projeto.suporte_corrida (nro_sequencial, id_passageiro, id_atendente) VALUES (1, 8, 19);
INSERT INTO bd_projeto.suporte_corrida (nro_sequencial, id_passageiro, id_atendente) VALUES (3, 8, 21);
INSERT INTO bd_projeto.suporte_corrida (nro_sequencial, id_passageiro, id_atendente) VALUES (5, 8, 23);
INSERT INTO bd_projeto.suporte_corrida (nro_sequencial, id_passageiro, id_atendente) VALUES (1, 10, 25);
INSERT INTO bd_projeto.suporte_corrida (nro_sequencial, id_passageiro, id_atendente) VALUES (3, 10, 27);
INSERT INTO bd_projeto.suporte_corrida (nro_sequencial, id_passageiro, id_atendente) VALUES (5, 10, 29);
INSERT INTO bd_projeto.suporte_corrida (nro_sequencial, id_passageiro, id_atendente) VALUES (1, 12, 31);
INSERT INTO bd_projeto.suporte_corrida (nro_sequencial, id_passageiro, id_atendente) VALUES (3, 12, 33);
INSERT INTO bd_projeto.suporte_corrida (nro_sequencial, id_passageiro, id_atendente) VALUES (5, 12, 35);
INSERT INTO bd_projeto.suporte_corrida (nro_sequencial, id_passageiro, id_atendente) VALUES (1, 14, 37);
INSERT INTO bd_projeto.suporte_corrida (nro_sequencial, id_passageiro, id_atendente) VALUES (3, 14, 39);
INSERT INTO bd_projeto.suporte_corrida (nro_sequencial, id_passageiro, id_atendente) VALUES (5, 14, 1);
INSERT INTO bd_projeto.suporte_corrida (nro_sequencial, id_passageiro, id_atendente) VALUES (1, 16, 3);
INSERT INTO bd_projeto.suporte_corrida (nro_sequencial, id_passageiro, id_atendente) VALUES (3, 16, 5);
INSERT INTO bd_projeto.suporte_corrida (nro_sequencial, id_passageiro, id_atendente) VALUES (5, 16, 7);
INSERT INTO bd_projeto.suporte_corrida (nro_sequencial, id_passageiro, id_atendente) VALUES (1, 18, 9);
INSERT INTO bd_projeto.suporte_corrida (nro_sequencial, id_passageiro, id_atendente) VALUES (3, 18, 11);
INSERT INTO bd_projeto.suporte_corrida (nro_sequencial, id_passageiro, id_atendente) VALUES (5, 18, 13);
INSERT INTO bd_projeto.suporte_corrida (nro_sequencial, id_passageiro, id_atendente) VALUES (1, 20, 15);
INSERT INTO bd_projeto.suporte_corrida (nro_sequencial, id_passageiro, id_atendente) VALUES (3, 20, 17);
INSERT INTO bd_projeto.suporte_corrida (nro_sequencial, id_passageiro, id_atendente) VALUES (5, 20, 19);

-- Suporte Corrida: (1, 2)
INSERT INTO bd_projeto.questionamento (nro_sequencial_corrida, id_passageiro, nro_sequencial_questionamento, pergunta, resposta) VALUES (1, 2, 1, 'A corrida foi cobrada duas vezes no meu cartão.', NULL);
INSERT INTO bd_projeto.questionamento (nro_sequencial_corrida, id_passageiro, nro_sequencial_questionamento, pergunta, resposta) VALUES (1, 2, 2, NULL, 'Verificamos que houve um erro de processamento. O estorno será realizado em 24h.');
INSERT INTO bd_projeto.questionamento (nro_sequencial_corrida, id_passageiro, nro_sequencial_questionamento, pergunta, resposta) VALUES (1, 2, 3, 'Há algo mais que eu precise fazer?', NULL);
INSERT INTO bd_projeto.questionamento (nro_sequencial_corrida, id_passageiro, nro_sequencial_questionamento, pergunta, resposta) VALUES (1, 2, 4, NULL, 'Não, o estorno é automático. Você será notificado por e-mail.');
-- Suporte Corrida: (3, 2)
INSERT INTO bd_projeto.questionamento (nro_sequencial_corrida, id_passageiro, nro_sequencial_questionamento, pergunta, resposta) VALUES (3, 2, 1, 'Motorista fez uma rota mais longa que o necessário.', NULL);
INSERT INTO bd_projeto.questionamento (nro_sequencial_corrida, id_passageiro, nro_sequencial_questionamento, pergunta, resposta) VALUES (3, 2, 2, NULL, 'Analisamos a rota e o valor será ajustado na próxima fatura. Pedimos desculpas pelo inconveniente.');
INSERT INTO bd_projeto.questionamento (nro_sequencial_corrida, id_passageiro, nro_sequencial_questionamento, pergunta, resposta) VALUES (3, 2, 3, 'Quando será o ajuste?', NULL);
INSERT INTO bd_projeto.questionamento (nro_sequencial_corrida, id_passageiro, nro_sequencial_questionamento, pergunta, resposta) VALUES (3, 2, 4, NULL, 'O ajuste será aplicado na sua próxima fatura, em até 5 dias úteis.');
INSERT INTO bd_projeto.questionamento (nro_sequencial_corrida, id_passageiro, nro_sequencial_questionamento, pergunta, resposta) VALUES (3, 2, 5, 'Posso ver o detalhe do ajuste?', NULL);
INSERT INTO bd_projeto.questionamento (nro_sequencial_corrida, id_passageiro, nro_sequencial_questionamento, pergunta, resposta) VALUES (3, 2, 6, NULL, 'Sim, o detalhe estará disponível no histórico de corridas no aplicativo.');
-- Suporte Corrida: (5, 2)
INSERT INTO bd_projeto.questionamento (nro_sequencial_corrida, id_passageiro, nro_sequencial_questionamento, pergunta, resposta) VALUES (5, 2, 1, 'Esqueci um objeto no carro. Como faço para recuperar?', NULL);
INSERT INTO bd_projeto.questionamento (nro_sequencial_corrida, id_passageiro, nro_sequencial_questionamento, pergunta, resposta) VALUES (5, 2, 2, NULL, 'Entraremos em contato com o motorista e o manteremos informado sobre a localização do seu item.');
INSERT INTO bd_projeto.questionamento (nro_sequencial_corrida, id_passageiro, nro_sequencial_questionamento, pergunta, resposta) VALUES (5, 2, 3, 'Qual é o prazo para retorno?', NULL);
INSERT INTO bd_projeto.questionamento (nro_sequencial_corrida, id_passageiro, nro_sequencial_questionamento, pergunta, resposta) VALUES (5, 2, 4, NULL, 'O retorno será em até 24 horas. Fique atento às notificações.');
-- Suporte Corrida: (1, 4)
INSERT INTO bd_projeto.questionamento (nro_sequencial_corrida, id_passageiro, nro_sequencial_questionamento, pergunta, resposta) VALUES (1, 4, 1, 'O motorista não apareceu no local de embarque.', NULL);
INSERT INTO bd_projeto.questionamento (nro_sequencial_corrida, id_passageiro, nro_sequencial_questionamento, pergunta, resposta) VALUES (1, 4, 2, NULL, 'Lamentamos o ocorrido. Sua taxa de cancelamento será estornada e um novo motorista foi solicitado.');
INSERT INTO bd_projeto.questionamento (nro_sequencial_corrida, id_passageiro, nro_sequencial_questionamento, pergunta, resposta) VALUES (1, 4, 3, 'E se o novo motorista também não aparecer?', NULL);
INSERT INTO bd_projeto.questionamento (nro_sequencial_corrida, id_passageiro, nro_sequencial_questionamento, pergunta, resposta) VALUES (1, 4, 4, NULL, 'Caso haja outro problema, entre em contato novamente para assistência imediata.');
-- Suporte Corrida: (3, 4)
INSERT INTO bd_projeto.questionamento (nro_sequencial_corrida, id_passageiro, nro_sequencial_questionamento, pergunta, resposta) VALUES (3, 4, 1, 'Houve um desentendimento com o motorista durante a corrida.', NULL);
INSERT INTO bd_projeto.questionamento (nro_sequencial_corrida, id_passageiro, nro_sequencial_questionamento, pergunta, resposta) VALUES (3, 4, 2, NULL, 'Agradecemos o seu feedback. A situação será investigada e tomaremos as medidas cabíveis.');
-- Suporte Corrida: (5, 4)
INSERT INTO bd_projeto.questionamento (nro_sequencial_corrida, id_passageiro, nro_sequencial_questionamento, pergunta, resposta) VALUES (5, 4, 1, 'A avaliação da minha corrida foi injusta.', NULL);
INSERT INTO bd_projeto.questionamento (nro_sequencial_corrida, id_passageiro, nro_sequencial_questionamento, pergunta, resposta) VALUES (5, 4, 2, NULL, 'Entendemos sua preocupação. Sua avaliação foi revisada e a nota do motorista foi ajustada.');
INSERT INTO bd_projeto.questionamento (nro_sequencial_corrida, id_passageiro, nro_sequencial_questionamento, pergunta, resposta) VALUES (5, 4, 3, 'Por que ela foi ajustada?', NULL);
INSERT INTO bd_projeto.questionamento (nro_sequencial_corrida, id_passageiro, nro_sequencial_questionamento, pergunta, resposta) VALUES (5, 4, 4, NULL, 'Identificamos inconsistências nos detalhes da corrida que justificaram o ajuste.');
-- Suporte Corrida: (1, 6)
INSERT INTO bd_projeto.questionamento (nro_sequencial_corrida, id_passageiro, nro_sequencial_questionamento, pergunta, resposta) VALUES (1, 6, 1, 'Problema com o pagamento via aplicativo.', NULL);
INSERT INTO bd_projeto.questionamento (nro_sequencial_corrida, id_passageiro, nro_sequencial_questionamento, pergunta, resposta) VALUES (1, 6, 2, NULL, 'O problema foi identificado e corrigido. Tente novamente ou utilize outra forma de pagamento.');
INSERT INTO bd_projeto.questionamento (nro_sequencial_corrida, id_passageiro, nro_sequencial_questionamento, pergunta, resposta) VALUES (1, 6, 3, 'Não consigo usar meu cartão.', NULL);
INSERT INTO bd_projeto.questionamento (nro_sequencial_corrida, id_passageiro, nro_sequencial_questionamento, pergunta, resposta) VALUES (1, 6, 4, NULL, 'Recomendamos verificar com seu banco se há algum bloqueio. Tente o PayPal.');
-- Suporte Corrida: (3, 6)
INSERT INTO bd_projeto.questionamento (nro_sequencial_corrida, id_passageiro, nro_sequencial_questionamento, pergunta, resposta) VALUES (3, 6, 1, 'O carro estava sujo e com cheiro forte.', NULL);
INSERT INTO bd_projeto.questionamento (nro_sequencial_corrida, id_passageiro, nro_sequencial_questionamento, pergunta, resposta) VALUES (3, 6, 2, NULL, 'Pedimos desculpas pela experiência. Repassaremos o feedback ao motorista para melhorias.');
INSERT INTO bd_projeto.questionamento (nro_sequencial_corrida, id_passageiro, nro_sequencial_questionamento, pergunta, resposta) VALUES (3, 6, 3, 'Posso ser compensado?', NULL);
INSERT INTO bd_projeto.questionamento (nro_sequencial_corrida, id_passageiro, nro_sequencial_questionamento, pergunta, resposta) VALUES (3, 6, 4, NULL, 'Sim, um voucher de 5% de desconto será aplicado na sua próxima corrida.');
-- Suporte Corrida: (5, 6)
INSERT INTO bd_projeto.questionamento (nro_sequencial_corrida, id_passageiro, nro_sequencial_questionamento, pergunta, resposta) VALUES (5, 6, 1, 'Preciso de um recibo da minha corrida anterior.', NULL);
INSERT INTO bd_projeto.questionamento (nro_sequencial_corrida, id_passageiro, nro_sequencial_questionamento, pergunta, resposta) VALUES (5, 6, 2, NULL, 'O recibo foi enviado para o seu e-mail cadastrado. Verifique a caixa de entrada e spam.');
-- Suporte Corrida: (1, 8)
INSERT INTO bd_projeto.questionamento (nro_sequencial_corrida, id_passageiro, nro_sequencial_questionamento, pergunta, resposta) VALUES (1, 8, 1, 'O aplicativo travou no meio da corrida.', NULL);
INSERT INTO bd_projeto.questionamento (nro_sequencial_corrida, id_passageiro, nro_sequencial_questionamento, pergunta, resposta) VALUES (1, 8, 2, NULL, 'Recomendamos verificar sua conexão e reiniciar o aplicativo. Estamos monitorando a instabilidade.');
INSERT INTO bd_projeto.questionamento (nro_sequencial_corrida, id_passageiro, nro_sequencial_questionamento, pergunta, resposta) VALUES (1, 8, 3, 'O que posso fazer se travar de novo?', NULL);
INSERT INTO bd_projeto.questionamento (nro_sequencial_corrida, id_passageiro, nro_sequencial_questionamento, pergunta, resposta) VALUES (1, 8, 4, NULL, 'Tente limpar o cache do aplicativo ou reinstalá-lo se o problema persistir.');
-- Suporte Corrida: (3, 8)
INSERT INTO bd_projeto.questionamento (nro_sequencial_corrida, id_passageiro, nro_sequencial_questionamento, pergunta, resposta) VALUES (3, 8, 1, 'O motorista demorou muito para chegar.', NULL);
INSERT INTO bd_projeto.questionamento (nro_sequencial_corrida, id_passageiro, nro_sequencial_questionamento, pergunta, resposta) VALUES (3, 8, 2, NULL, 'Pedimos desculpas pelo atraso. A situação foi registrada para análise e feedback ao motorista.');
INSERT INTO bd_projeto.questionamento (nro_sequencial_corrida, id_passageiro, nro_sequencial_questionamento, pergunta, resposta) VALUES (3, 8, 3, 'Qual o tempo de espera máximo?', NULL);
INSERT INTO bd_projeto.questionamento (nro_sequencial_corrida, id_passageiro, nro_sequencial_questionamento, pergunta, resposta) VALUES (3, 8, 4, NULL, 'O tempo de espera pode variar, mas geralmente não excede 15 minutos em horários de pico.');
-- Suporte Corrida: (5, 8)
INSERT INTO bd_projeto.questionamento (nro_sequencial_corrida, id_passageiro, nro_sequencial_questionamento, pergunta, resposta) VALUES (5, 8, 1, 'Fui cobrado por uma corrida que não fiz.', NULL);
INSERT INTO bd_projeto.questionamento (nro_sequencial_corrida, id_passageiro, nro_sequencial_questionamento, pergunta, resposta) VALUES (5, 8, 2, NULL, 'Favor enviar print da cobrança para investigarmos. Seu caso é prioridade.');
INSERT INTO bd_projeto.questionamento (nro_sequencial_corrida, id_passageiro, nro_sequencial_questionamento, pergunta, resposta) VALUES (5, 8, 3, 'Como enviarei o print?', NULL);
INSERT INTO bd_projeto.questionamento (nro_sequencial_corrida, id_passageiro, nro_sequencial_questionamento, pergunta, resposta) VALUES (5, 8, 4, NULL, 'Você pode anexar a imagem diretamente nesta conversa ou enviá-la para nosso e-mail de suporte.');
-- Suporte Corrida: (1, 10)
INSERT INTO bd_projeto.questionamento (nro_sequencial_corrida, id_passageiro, nro_sequencial_questionamento, pergunta, resposta) VALUES (1, 10, 1, 'Preciso alterar o destino da minha corrida atual.', NULL);
INSERT INTO bd_projeto.questionamento (nro_sequencial_corrida, id_passageiro, nro_sequencial_questionamento, pergunta, resposta) VALUES (1, 10, 2, NULL, 'A alteração de destino pode ser feita diretamente no aplicativo ou solicitada ao motorista.');
-- Suporte Corrida: (3, 10)
INSERT INTO bd_projeto.questionamento (nro_sequencial_corrida, id_passageiro, nro_sequencial_questionamento, pergunta, resposta) VALUES (3, 10, 1, 'Achei o valor da corrida muito alto.', NULL);
INSERT INTO bd_projeto.questionamento (nro_sequencial_corrida, id_passageiro, nro_sequencial_questionamento, pergunta, resposta) VALUES (3, 10, 2, NULL, 'O valor é calculado com base na demanda e distância. Podemos revisar se houver inconsistência.');
INSERT INTO bd_projeto.questionamento (nro_sequencial_corrida, id_passageiro, nro_sequencial_questionamento, pergunta, resposta) VALUES (3, 10, 3, 'Como funciona a revisão?', NULL);
INSERT INTO bd_projeto.questionamento (nro_sequencial_corrida, id_passageiro, nro_sequencial_questionamento, pergunta, resposta) VALUES (3, 10, 4, NULL, 'Analisamos o trajeto e o histórico de preços para verificar a conformidade. Isso leva até 2 dias úteis.');
-- Suporte Corrida: (5, 10)
INSERT INTO bd_projeto.questionamento (nro_sequencial_corrida, id_passageiro, nro_sequencial_questionamento, pergunta, resposta) VALUES (5, 10, 1, 'Motorista estava dirigindo perigosamente.', NULL);
INSERT INTO bd_projeto.questionamento (nro_sequencial_corrida, id_passageiro, nro_sequencial_questionamento, pergunta, resposta) VALUES (5, 10, 2, NULL, 'Levamos sua denúncia a sério. O motorista será notificado e poderá ser suspenso.');
INSERT INTO bd_projeto.questionamento (nro_sequencial_corrida, id_passageiro, nro_sequencial_questionamento, pergunta, resposta) VALUES (5, 10, 3, 'O que acontecerá com ele?', NULL);
INSERT INTO bd_projeto.questionamento (nro_sequencial_corrida, id_passageiro, nro_sequencial_questionamento, pergunta, resposta) VALUES (5, 10, 4, NULL, 'Ele receberá um alerta e, em casos reincidentes, poderá ser desativado da plataforma.');
-- Suporte Corrida: (1, 12)
INSERT INTO bd_projeto.questionamento (nro_sequencial_corrida, id_passageiro, nro_sequencial_questionamento, pergunta, resposta) VALUES (1, 12, 1, 'Não consigo adicionar meu cartão de crédito.', NULL);
INSERT INTO bd_projeto.questionamento (nro_sequencial_corrida, id_passageiro, nro_sequencial_questionamento, pergunta, resposta) VALUES (1, 12, 2, NULL, 'Verifique os dados do cartão e a conexão. Se o problema persistir, tente outro cartão.');
INSERT INTO bd_projeto.questionamento (nro_sequencial_corrida, id_passageiro, nro_sequencial_questionamento, pergunta, resposta) VALUES (1, 12, 3, 'Já tentei vários cartões, nenhum funciona.', NULL);
INSERT INTO bd_projeto.questionamento (nro_sequencial_corrida, id_passageiro, nro_sequencial_questionamento, pergunta, resposta) VALUES (1, 12, 4, NULL, 'Pode ser um problema de compatibilidade ou com a provedora. Por favor, tente usar PayPal ou dinheiro.');
-- Suporte Corrida: (3, 12)
INSERT INTO bd_projeto.questionamento (nro_sequencial_corrida, id_passageiro, nro_sequencial_questionamento, pergunta, resposta) VALUES (3, 12, 1, 'O motorista cancelou a corrida sem motivo aparente.', NULL);
INSERT INTO bd_projeto.questionamento (nro_sequencial_corrida, id_passageiro, nro_sequencial_questionamento, pergunta, resposta) VALUES (3, 12, 2, NULL, 'Lamentamos. A taxa de cancelamento será estornada e o caso será investigado.');
-- Suporte Corrida: (5, 12)
INSERT INTO bd_projeto.questionamento (nro_sequencial_corrida, id_passageiro, nro_sequencial_questionamento, pergunta, resposta) VALUES (5, 12, 1, 'Preciso de ajuda para atualizar meu endereço.', NULL);
INSERT INTO bd_projeto.questionamento (nro_sequencial_corrida, id_passageiro, nro_sequencial_questionamento, pergunta, resposta) VALUES (5, 12, 2, NULL, 'Você pode atualizar seu endereço no perfil do aplicativo. Se precisar de ajuda, estamos aqui.');
INSERT INTO bd_projeto.questionamento (nro_sequencial_corrida, id_passageiro, nro_sequencial_questionamento, pergunta, resposta) VALUES (5, 12, 3, 'Eu não encontrei a opção no perfil.', NULL);
INSERT INTO bd_projeto.questionamento (nro_sequencial_corrida, id_passageiro, nro_sequencial_questionamento, pergunta, resposta) VALUES (5, 12, 4, NULL, 'Na tela principal, clique em "Minha Conta" e depois em "Endereços Salvos".');
-- Suporte Corrida: (1, 14)
INSERT INTO bd_projeto.questionamento (nro_sequencial_corrida, id_passageiro, nro_sequencial_questionamento, pergunta, resposta) VALUES (1, 14, 1, 'Meu código de desconto não funcionou.', NULL);
INSERT INTO bd_projeto.questionamento (nro_sequencial_corrida, id_passageiro, nro_sequencial_questionamento, pergunta, resposta) VALUES (1, 14, 2, NULL, 'Verificamos o código e aplicamos o desconto manualmente em sua próxima corrida.');
-- Suporte Corrida: (3, 14)
INSERT INTO bd_projeto.questionamento (nro_sequencial_corrida, id_passageiro, nro_sequencial_questionamento, pergunta, resposta) VALUES (3, 14, 1, 'A corrida foi muito barulhenta.', NULL);
INSERT INTO bd_projeto.questionamento (nro_sequencial_corrida, id_passageiro, nro_sequencial_questionamento, pergunta, resposta) VALUES (3, 14, 2, NULL, 'Seu feedback é importante. Orientaremos o motorista sobre o conforto dos passageiros.');
INSERT INTO bd_projeto.questionamento (nro_sequencial_corrida, id_passageiro, nro_sequencial_questionamento, pergunta, resposta) VALUES (3, 14, 3, 'Posso pedir um motorista diferente na próxima?', NULL);
INSERT INTO bd_projeto.questionamento (nro_sequencial_corrida, id_passageiro, nro_sequencial_questionamento, pergunta, resposta) VALUES (3, 14, 4, NULL, 'Não é possível solicitar motoristas específicos, mas sempre buscamos melhorar a qualidade do serviço.');
-- Suporte Corrida: (5, 14)
INSERT INTO bd_projeto.questionamento (nro_sequencial_corrida, id_passageiro, nro_sequencial_questionamento, pergunta, resposta) VALUES (5, 14, 1, 'Fui assediado pelo motorista.', NULL);
INSERT INTO bd_projeto.questionamento (nro_sequencial_corrida, id_passageiro, nro_sequencial_questionamento, pergunta, resposta) VALUES (5, 14, 2, NULL, 'Lamentamos profundamente. O motorista será imediatamente suspenso e o caso reportado às autoridades.');
INSERT INTO bd_projeto.questionamento (nro_sequencial_corrida, id_passageiro, nro_sequencial_questionamento, pergunta, resposta) VALUES (5, 14, 3, 'Preciso registrar um boletim de ocorrência?', NULL);
INSERT INTO bd_projeto.questionamento (nro_sequencial_corrida, id_passageiro, nro_sequencial_questionamento, pergunta, resposta) VALUES (5, 14, 4, NULL, 'Recomendamos que sim. Nossa equipe jurídica pode te auxiliar com as informações da corrida e motorista.');
INSERT INTO bd_projeto.questionamento (nro_sequencial_corrida, id_passageiro, nro_sequencial_questionamento, pergunta, resposta) VALUES (5, 14, 5, 'Como entro em contato com a equipe jurídica?', NULL);
INSERT INTO bd_projeto.questionamento (nro_sequencial_corrida, id_passageiro, nro_sequencial_questionamento, pergunta, resposta) VALUES (5, 14, 6, NULL, 'Eles entrarão em contato com você em até 24 horas. Mantenha seu telefone disponível.');
-- Suporte Corrida: (1, 16)
INSERT INTO bd_projeto.questionamento (nro_sequencial_corrida, id_passageiro, nro_sequencial_questionamento, pergunta, resposta) VALUES (1, 16, 1, 'O motorista não seguiu o trajeto do GPS.', NULL);
INSERT INTO bd_projeto.questionamento (nro_sequencial_corrida, id_passageiro, nro_sequencial_questionamento, pergunta, resposta) VALUES (1, 16, 2, NULL, 'Verificamos o trajeto. Se houver divergência, o valor será reajustado.');
INSERT INTO bd_projeto.questionamento (nro_sequencial_corrida, id_passageiro, nro_sequencial_questionamento, pergunta, resposta) VALUES (1, 16, 3, 'Quando o valor será reajustado?', NULL);
INSERT INTO bd_projeto.questionamento (nro_sequencial_corrida, id_passageiro, nro_sequencial_questionamento, pergunta, resposta) VALUES (1, 16, 4, NULL, 'O reajuste será feito na sua próxima fatura, em até 3 dias úteis.');
-- Suporte Corrida: (3, 16)
INSERT INTO bd_projeto.questionamento (nro_sequencial_corrida, id_passageiro, nro_sequencial_questionamento, pergunta, resposta) VALUES (3, 16, 1, 'Fui cobrado por tempo de espera indevido.', NULL);
INSERT INTO bd_projeto.questionamento (nro_sequencial_corrida, id_passageiro, nro_sequencial_questionamento, pergunta, resposta) VALUES (3, 16, 2, NULL, 'Analisamos a cobrança. O valor indevido será estornado em até 48h.');
-- Suporte Corrida: (5, 16)
INSERT INTO bd_projeto.questionamento (nro_sequencial_corrida, id_passageiro, nro_sequencial_questionamento, pergunta, resposta) VALUES (5, 16, 1, 'Perdi minha carteira durante a corrida.', NULL);
INSERT INTO bd_projeto.questionamento (nro_sequencial_corrida, id_passageiro, nro_sequencial_questionamento, pergunta, resposta) VALUES (5, 16, 2, NULL, 'Entraremos em contato com o motorista e notificaremos sobre o objeto perdido.');
INSERT INTO bd_projeto.questionamento (nro_sequencial_corrida, id_passageiro, nro_sequencial_questionamento, pergunta, resposta) VALUES (5, 16, 3, 'E se ele não encontrar?', NULL);
INSERT INTO bd_projeto.questionamento (nro_sequencial_corrida, id_passageiro, nro_sequencial_questionamento, pergunta, resposta) VALUES (5, 16, 4, NULL, 'Se não for encontrada, podemos fornecer as informações do motorista para que você possa contatá-lo diretamente.');
-- Suporte Corrida: (1, 18)
INSERT INTO bd_projeto.questionamento (nro_sequencial_corrida, id_passageiro, nro_sequencial_questionamento, pergunta, resposta) VALUES (1, 18, 1, 'O ar condicionado do carro não estava funcionando.', NULL);
INSERT INTO bd_projeto.questionamento (nro_sequencial_corrida, id_passageiro, nro_sequencial_questionamento, pergunta, resposta) VALUES (1, 18, 2, NULL, 'Agradecemos o aviso. Orientaremos o motorista a verificar o veículo.');
INSERT INTO bd_projeto.questionamento (nro_sequencial_corrida, id_passageiro, nro_sequencial_questionamento, pergunta, resposta) VALUES (1, 18, 3, 'Posso solicitar um carro com AC funcionando na próxima?', NULL);
INSERT INTO bd_projeto.questionamento (nro_sequencial_corrida, id_passageiro, nro_sequencial_questionamento, pergunta, resposta) VALUES (1, 18, 4, NULL, 'Não é possível especificar, mas nos esforçamos para que todos os veículos estejam em ótimas condições.');
-- Suporte Corrida: (3, 18)
INSERT INTO bd_projeto.questionamento (nro_sequencial_corrida, id_passageiro, nro_sequencial_questionamento, pergunta, resposta) VALUES (3, 18, 1, 'O motorista estava ao telefone durante a corrida.', NULL);
INSERT INTO bd_projeto.questionamento (nro_sequencial_corrida, id_passageiro, nro_sequencial_questionamento, pergunta, resposta) VALUES (3, 18, 2, NULL, 'Isso é contra as nossas políticas. O motorista será alertado.');
INSERT INTO bd_projeto.questionamento (nro_sequencial_corrida, id_passageiro, nro_sequencial_questionamento, pergunta, resposta) VALUES (3, 18, 3, 'Ele pode ser suspenso?', NULL);
INSERT INTO bd_projeto.questionamento (nro_sequencial_corrida, id_passageiro, nro_sequencial_questionamento, pergunta, resposta) VALUES (3, 18, 4, NULL, 'Sim, em caso de reincidência, medidas mais severas serão tomadas, incluindo suspensão.');
-- Suporte Corrida: (5, 18)
INSERT INTO bd_projeto.questionamento (nro_sequencial_corrida, id_passageiro, nro_sequencial_questionamento, pergunta, resposta) VALUES (5, 18, 1, 'Não recebi a notificação de chegada do motorista.', NULL);
INSERT INTO bd_projeto.questionamento (nro_sequencial_corrida, id_passageiro, nro_sequencial_questionamento, pergunta, resposta) VALUES (5, 18, 2, NULL, 'Verifique as configurações de notificação do seu celular e aplicativo.');
-- Suporte Corrida: (1, 20)
INSERT INTO bd_projeto.questionamento (nro_sequencial_corrida, id_passageiro, nro_sequencial_questionamento, pergunta, resposta) VALUES (1, 20, 1, 'A bateria do meu celular acabou no final da corrida.', NULL);
INSERT INTO bd_projeto.questionamento (nro_sequencial_corrida, id_passageiro, nro_sequencial_questionamento, pergunta, resposta) VALUES (1, 20, 2, NULL, 'Entendemos. O motorista confirmou o fim da corrida. Está tudo certo.');
-- Suporte Corrida: (3, 20)
INSERT INTO bd_projeto.questionamento (nro_sequencial_corrida, id_passageiro, nro_sequencial_questionamento, pergunta, resposta) VALUES (3, 20, 1, 'Preciso de um extrato de todas as minhas corridas.', NULL);
INSERT INTO bd_projeto.questionamento (nro_sequencial_corrida, id_passageiro, nro_sequencial_questionamento, pergunta, resposta) VALUES (3, 20, 2, NULL, 'Você pode gerar o extrato diretamente no aplicativo, na seção "Histórico de Corridas".');
INSERT INTO bd_projeto.questionamento (nro_sequencial_corrida, id_passageiro, nro_sequencial_questionamento, pergunta, resposta) VALUES (3, 20, 3, 'Não consigo encontrar essa seção.', NULL);
INSERT INTO bd_projeto.questionamento (nro_sequencial_corrida, id_passageiro, nro_sequencial_questionamento, pergunta, resposta) VALUES (3, 20, 4, NULL, 'Ela fica no menu principal, ao lado da opção "Minha Conta".');
-- Suporte Corrida: (5, 20)
INSERT INTO bd_projeto.questionamento (nro_sequencial_corrida, id_passageiro, nro_sequencial_questionamento, pergunta, resposta) VALUES (5, 20, 1, 'Motorista excedeu a velocidade permitida.', NULL);
INSERT INTO bd_projeto.questionamento (nro_sequencial_corrida, id_passageiro, nro_sequencial_questionamento, pergunta, resposta) VALUES (5, 20, 2, NULL, 'A segurança é prioridade. Iremos advertir o motorista sobre o limite de velocidade.');
INSERT INTO bd_projeto.questionamento (nro_sequencial_corrida, id_passageiro, nro_sequencial_questionamento, pergunta, resposta) VALUES (5, 20, 3, 'Posso ver as provas?', NULL);
INSERT INTO bd_projeto.questionamento (nro_sequencial_corrida, id_passageiro, nro_sequencial_questionamento, pergunta, resposta) VALUES (5, 20, 4, NULL, 'As informações de rastreamento são confidenciais, mas garantimos que a análise é feita com rigor.');
